Campaign_ID,Channel,Start_Date,End_Date,Impressions,Clicks,Conversions,Spend,Revenue
CAM0000,Email,2023-01-01,2023-01-02,86451,7948,938,2666.97,1689.11
CAM0001,LinkedIn,2023-01-02,2023-01-03,40915,5308,310,3359.5,4786.85
CAM0002,Instagram,2023-01-03,2023-01-04,38219,7024,611,908.25,6415.14
CAM0003,LinkedIn,2023-01-04,2023-01-05,81879,3928,112,646.78,9433.98
CAM0004,LinkedIn,2023-01-05,2023-01-06,65644,3330,997,759.66,3806.22
CAM0005,Facebook,2023-01-06,2023-01-07,61279,588,259,2499.64,3247.95
CAM0006,Instagram,2023-01-07,2023-01-08,54028,7214,462,1739.97,6887.44
CAM0007,Instagram,2023-01-08,2023-01-09,1126,9639,529,3299.18,6573.15
CAM0008,Instagram,2023-01-09,2023-01-10,53329,3273,162,4965.99,3988.99
CAM0009,LinkedIn,2023-01-10,2023-01-11,28632,1767,868,2238.45,9352.92
CAM0010,Email,2023-01-11,2023-01-12,66310,9929,183,3082.29,8603.76
CAM0011,Instagram,2023-01-12,2023-01-13,56176,4214,352,2370.22,3015.84
CAM0012,LinkedIn,2023-01-13,2023-01-14,87066,3653,679,4312.72,3152.28
CAM0013,Facebook,2023-01-14,2023-01-15,45327,7861,440,4560.06,5610.7
CAM0014,Email,2023-01-15,2023-01-16,69904,1100,736,4448.1,7962.15
CAM0015,Facebook,2023-01-16,2023-01-17,4797,9142,698,4884.68,1396.36
CAM0016,Email,2023-01-17,2023-01-18,48882,1488,696,623.84,7240.02
CAM0017,LinkedIn,2023-01-18,2023-01-19,14718,5550,861,4279.17,6834.12
CAM0018,Google Ads,2023-01-19,2023-01-20,35560,3812,859,3882.97,3083.32
CAM0019,Email,2023-01-20,2023-01-21,77589,1467,667,1529.12,7132.18
CAM0020,Facebook,2023-01-21,2023-01-22,23116,8289,971,4803.44,9461.65
CAM0021,LinkedIn,2023-01-22,2023-01-23,37244,9113,333,1166.8,1421.07
CAM0022,Email,2023-01-23,2023-01-24,2645,554,999,3557.97,3876.87
CAM0023,Google Ads,2023-01-24,2023-01-25,48523,9916,682,1512.01,4943.59
CAM0024,Google Ads,2023-01-25,2023-01-26,20256,2872,648,2441.21,9093.34
CAM0025,Instagram,2023-01-26,2023-01-27,54173,3826,429,3736.22,9660.35
CAM0026,Instagram,2023-01-27,2023-01-28,38430,7332,603,3034.96,4997.04
CAM0027,Facebook,2023-01-28,2023-01-29,40282,4906,494,2423.76,7750.26
CAM0028,Email,2023-01-29,2023-01-30,64374,2290,668,1968.52,5784.95
CAM0029,Email,2023-01-30,2023-01-31,69244,9208,760,4278.47,5840.05
CAM0030,Instagram,2023-01-31,2023-02-01,12694,2975,421,1147.16,3502.9
CAM0031,Email,2023-02-01,2023-02-02,57264,5692,945,2435.46,2952.61
CAM0032,Email,2023-02-02,2023-02-03,76060,1540,93,4566.91,3592.05
CAM0033,Google Ads,2023-02-03,2023-02-04,98416,9027,122,4306.32,6006.95
CAM0034,Instagram,2023-02-04,2023-02-05,58545,6159,746,2304.24,1262.4
CAM0035,LinkedIn,2023-02-05,2023-02-06,40224,7110,341,3933.99,9165.24
CAM0036,Instagram,2023-02-06,2023-02-07,98945,7217,387,4204.22,2406.55
CAM0037,LinkedIn,2023-02-07,2023-02-08,14224,9253,764,4499.99,2980.8
CAM0038,Google Ads,2023-02-08,2023-02-09,41738,3089,664,2950.28,5664.49
CAM0039,Facebook,2023-02-09,2023-02-10,26150,9318,50,1420.07,7391.03
CAM0040,Email,2023-02-10,2023-02-11,64731,6328,944,1648.89,1861.56
CAM0041,Google Ads,2023-02-11,2023-02-12,50688,6571,779,1830.63,3859.25
CAM0042,Email,2023-02-12,2023-02-13,74509,2963,968,3172.11,9718.07
CAM0043,Facebook,2023-02-13,2023-02-14,9577,1277,806,647.64,3361.09
CAM0044,Facebook,2023-02-14,2023-02-15,9070,4860,114,3362.19,3817.45
CAM0045,Google Ads,2023-02-15,2023-02-16,9666,111,211,2139.59,8528.49
CAM0046,Facebook,2023-02-16,2023-02-17,58761,5352,459,1828.59,1451.93
CAM0047,LinkedIn,2023-02-17,2023-02-18,37368,4499,828,4457.73,5181.52
CAM0048,Facebook,2023-02-18,2023-02-19,7783,8334,852,2570.01,4416.55
CAM0049,Email,2023-02-19,2023-02-20,42914,9235,982,927.74,3849.28
CAM0050,Email,2023-02-20,2023-02-21,71507,5545,275,4220.36,3571.3
CAM0051,Email,2023-02-21,2023-02-22,80026,6670,919,714.39,1822.37
CAM0052,Email,2023-02-22,2023-02-23,68526,9296,219,3770.37,3833.43
CAM0053,LinkedIn,2023-02-23,2023-02-24,71835,8312,572,3982.58,1387.47
CAM0054,Instagram,2023-02-24,2023-02-25,46765,506,127,2086.71,8028.67
CAM0055,Google Ads,2023-02-25,2023-02-26,20956,9306,722,4211.55,4584.05
CAM0056,Email,2023-02-26,2023-02-27,88895,4531,386,2820.47,4995.13
CAM0057,Facebook,2023-02-27,2023-02-28,47240,5343,560,2584.82,9042.35
CAM0058,Email,2023-02-28,2023-03-01,38148,6642,549,704.31,6922.49
CAM0059,Facebook,2023-03-01,2023-03-02,95270,7036,780,1805.13,1072.53
CAM0060,Facebook,2023-03-02,2023-03-03,5757,9006,93,4689.54,9488.57
CAM0061,Email,2023-03-03,2023-03-04,20097,4246,463,2263.21,3134.3
CAM0062,LinkedIn,2023-03-04,2023-03-05,11395,240,676,2960.15,1968.53
CAM0063,Facebook,2023-03-05,2023-03-06,17241,4982,638,2894.1,7913.15
CAM0064,Facebook,2023-03-06,2023-03-07,28696,6112,523,3156.94,5504.3
CAM0065,Email,2023-03-07,2023-03-08,71480,1063,614,775.99,4903.94
CAM0066,Facebook,2023-03-08,2023-03-09,47163,7251,687,2129.79,3245.53
CAM0067,Facebook,2023-03-09,2023-03-10,20816,8664,396,3754.08,5927.24
CAM0068,Email,2023-03-10,2023-03-11,50840,3710,921,1402.52,3469.46
CAM0069,Email,2023-03-11,2023-03-12,53853,9984,359,1416.1,9114.25
CAM0070,Google Ads,2023-03-12,2023-03-13,25917,6994,305,545.41,2936.84
CAM0071,LinkedIn,2023-03-13,2023-03-14,97731,7411,267,2468.67,8959.2
CAM0072,LinkedIn,2023-03-14,2023-03-15,22566,205,90,4472.3,6034.65
CAM0073,Facebook,2023-03-15,2023-03-16,76452,5639,946,733.55,8456.39
CAM0074,LinkedIn,2023-03-16,2023-03-17,63823,9973,277,1360.03,7415.61
CAM0075,Facebook,2023-03-17,2023-03-18,21806,6887,428,1895.38,7270.26
CAM0076,Google Ads,2023-03-18,2023-03-19,76520,2237,244,3792.76,3919.11
CAM0077,Email,2023-03-19,2023-03-20,2759,4545,842,3382.86,3105.07
CAM0078,Email,2023-03-20,2023-03-21,42949,3630,320,2371.75,2897.98
CAM0079,Email,2023-03-21,2023-03-22,93374,1386,822,3915.81,8714.72
CAM0080,LinkedIn,2023-03-22,2023-03-23,3482,7152,984,3243.34,8383.84
CAM0081,Google Ads,2023-03-23,2023-03-24,25442,3754,995,4532.18,4965.16
CAM0082,LinkedIn,2023-03-24,2023-03-25,34719,7202,366,4181.12,2191.64
CAM0083,LinkedIn,2023-03-25,2023-03-26,59066,2459,222,1637.66,4440.27
CAM0084,Google Ads,2023-03-26,2023-03-27,94501,8205,583,1721.47,6574.09
CAM0085,Google Ads,2023-03-27,2023-03-28,3079,8736,58,1064.1,5089.63
CAM0086,Google Ads,2023-03-28,2023-03-29,3717,6541,136,2016.34,8021.7
CAM0087,Google Ads,2023-03-29,2023-03-30,60676,5147,232,4997.95,9978.61
CAM0088,Email,2023-03-30,2023-03-31,28952,8327,930,2325.88,2720.19
CAM0089,Instagram,2023-03-31,2023-04-01,87444,5303,288,1492.2,5136.86
CAM0090,Instagram,2023-04-01,2023-04-02,43460,9767,417,3931.17,4878.86
CAM0091,Google Ads,2023-04-02,2023-04-03,91397,1898,514,2941.12,3740.43
CAM0092,Instagram,2023-04-03,2023-04-04,73847,9700,303,1173.21,2782.86
CAM0093,Instagram,2023-04-04,2023-04-05,94607,5391,805,2213.1,1591.23
CAM0094,Google Ads,2023-04-05,2023-04-06,90106,5595,286,2365.11,8984.07
CAM0095,Instagram,2023-04-06,2023-04-07,19449,6384,447,3892.23,4778.64
CAM0096,LinkedIn,2023-04-07,2023-04-08,34536,7385,116,593.02,5472.06
CAM0097,Facebook,2023-04-08,2023-04-09,65077,1400,667,1710.59,9252.48
CAM0098,Facebook,2023-04-09,2023-04-10,39258,6969,429,2829.18,7986.61
CAM0099,Google Ads,2023-04-10,2023-04-11,49302,9535,620,1709.81,2174.51
CAM0100,Email,2023-04-11,2023-04-12,29865,3197,438,3327.95,6088.78
CAM0101,Google Ads,2023-04-12,2023-04-13,7645,4716,384,2668.4,4980.27
CAM0102,Email,2023-04-13,2023-04-14,39000,109,82,2127.7,8174.9
CAM0103,Facebook,2023-04-14,2023-04-15,27737,5852,958,4771.44,7518.09
CAM0104,Google Ads,2023-04-15,2023-04-16,12485,9952,643,3344.72,7213.65
CAM0105,LinkedIn,2023-04-16,2023-04-17,39565,6395,39,1084.74,4064.9
CAM0106,Instagram,2023-04-17,2023-04-18,26522,4915,197,3020.41,8244.67
CAM0107,Email,2023-04-18,2023-04-19,66155,1172,373,4013.29,1471.52
CAM0108,Instagram,2023-04-19,2023-04-20,56168,3325,875,3688.2,2436.62
CAM0109,Instagram,2023-04-20,2023-04-21,53487,1416,809,1274.4,4020.61
CAM0110,Google Ads,2023-04-21,2023-04-22,13342,5799,460,4875.89,1691.27
CAM0111,Instagram,2023-04-22,2023-04-23,41806,6907,204,2519.66,3114.95
CAM0112,LinkedIn,2023-04-23,2023-04-24,49770,6774,165,1215.61,8471.36
CAM0113,Instagram,2023-04-24,2023-04-25,79623,3783,181,1310.88,9534.26
CAM0114,Google Ads,2023-04-25,2023-04-26,76629,7327,856,942.06,3741.42
CAM0115,LinkedIn,2023-04-26,2023-04-27,53603,3373,50,4115.83,3380.64
CAM0116,Facebook,2023-04-27,2023-04-28,82974,7100,72,1049.14,3519.03
CAM0117,Instagram,2023-04-28,2023-04-29,27399,245,32,1063.06,3499.47
CAM0118,Google Ads,2023-04-29,2023-04-30,86382,5110,369,4327.12,1323.37
CAM0119,Facebook,2023-04-30,2023-05-01,82244,3140,84,2050.72,9342.25
CAM0120,Facebook,2023-05-01,2023-05-02,77534,9754,569,638.86,2923.28
CAM0121,Email,2023-05-02,2023-05-03,56106,9876,681,733.53,4780.04
CAM0122,LinkedIn,2023-05-03,2023-05-04,31678,582,834,1139.77,1087.18
CAM0123,Instagram,2023-05-04,2023-05-05,77218,3279,127,1460.27,8721.6
CAM0124,Google Ads,2023-05-05,2023-05-06,64230,1349,621,3493.16,7580.42
CAM0125,Email,2023-05-06,2023-05-07,75055,730,389,1207.97,9520.8
CAM0126,LinkedIn,2023-05-07,2023-05-08,57373,8953,938,1034.93,8034.54
CAM0127,Email,2023-05-08,2023-05-09,32480,2952,929,3941.24,3823.36
CAM0128,LinkedIn,2023-05-09,2023-05-10,86230,1087,688,3519.75,3230.86
CAM0129,LinkedIn,2023-05-10,2023-05-11,69836,7722,299,2458.96,7279.45
CAM0130,Instagram,2023-05-11,2023-05-12,73258,7427,449,2971.89,4277.01
CAM0131,LinkedIn,2023-05-12,2023-05-13,40986,9838,677,1903.93,6095.94
CAM0132,Email,2023-05-13,2023-05-14,25160,8941,942,2671.25,1056.32
CAM0133,LinkedIn,2023-05-14,2023-05-15,86595,9260,16,2780.03,1556.97
CAM0134,Instagram,2023-05-15,2023-05-16,80111,1200,205,2242.57,5818.31
CAM0135,Instagram,2023-05-16,2023-05-17,65929,6752,430,4579.57,6094.64
CAM0136,Email,2023-05-17,2023-05-18,74506,8732,577,572.28,7763.08
CAM0137,Facebook,2023-05-18,2023-05-19,35911,7521,842,4019.77,2187.69
CAM0138,Facebook,2023-05-19,2023-05-20,88127,5116,202,1059.72,5618.65
CAM0139,LinkedIn,2023-05-20,2023-05-21,32821,869,568,4088.96,2750.03
CAM0140,Google Ads,2023-05-21,2023-05-22,76039,1443,157,3271.6,1838.77
CAM0141,LinkedIn,2023-05-22,2023-05-23,61535,4458,796,4294.75,4694.46
CAM0142,Email,2023-05-23,2023-05-24,85458,9869,678,938.81,2470.03
CAM0143,Email,2023-05-24,2023-05-25,13175,6880,211,3015.41,2996.04
CAM0144,Email,2023-05-25,2023-05-26,55771,6702,453,2754.9,3857.99
CAM0145,Email,2023-05-26,2023-05-27,87925,2449,923,3677.87,3334.5
CAM0146,Email,2023-05-27,2023-05-28,67358,5799,997,2904.31,1788.32
CAM0147,Instagram,2023-05-28,2023-05-29,18327,1341,428,2933.31,1809.25
CAM0148,Facebook,2023-05-29,2023-05-30,48057,1225,436,2433.18,2739.24
CAM0149,Email,2023-05-30,2023-05-31,7150,9482,488,1889.75,1455.03
CAM0150,Google Ads,2023-05-31,2023-06-01,5425,6864,484,2670.19,6638.11
CAM0151,Google Ads,2023-06-01,2023-06-02,17032,5201,135,1033.22,3585.94
CAM0152,Google Ads,2023-06-02,2023-06-03,3198,7943,404,4826.81,3517.71
CAM0153,Google Ads,2023-06-03,2023-06-04,61500,172,826,3714.85,3987.98
CAM0154,Instagram,2023-06-04,2023-06-05,54394,5572,890,4786.1,6965.17
CAM0155,Google Ads,2023-06-05,2023-06-06,21079,5289,815,1520.27,8835.7
CAM0156,Email,2023-06-06,2023-06-07,37220,2572,585,4457.03,7831.78
CAM0157,LinkedIn,2023-06-07,2023-06-08,42874,807,334,4139.55,7547.76
CAM0158,Google Ads,2023-06-08,2023-06-09,14859,1904,401,3547.19,5359.52
CAM0159,Instagram,2023-06-09,2023-06-10,51460,6804,939,3312.63,7244.25
CAM0160,Instagram,2023-06-10,2023-06-11,32419,3813,697,1924.47,5974.86
CAM0161,Google Ads,2023-06-11,2023-06-12,9705,5151,637,4173.85,2946.25
CAM0162,LinkedIn,2023-06-12,2023-06-13,43880,2575,449,2756.82,2877.3
CAM0163,Google Ads,2023-06-13,2023-06-14,24236,3710,213,819.01,3667.53
CAM0164,Instagram,2023-06-14,2023-06-15,88955,4355,495,1907.88,9197.22
CAM0165,Facebook,2023-06-15,2023-06-16,86514,7497,842,4708.84,5926.73
CAM0166,Email,2023-06-16,2023-06-17,16358,1835,40,4328.06,7605.15
CAM0167,Instagram,2023-06-17,2023-06-18,95914,9877,397,4918.58,4119.03
CAM0168,Google Ads,2023-06-18,2023-06-19,77918,8358,634,3325.97,4669.44
CAM0169,Email,2023-06-19,2023-06-20,15596,8079,886,1613.8,2130.09
CAM0170,Google Ads,2023-06-20,2023-06-21,34572,2528,443,1232.67,2541.65
CAM0171,Google Ads,2023-06-21,2023-06-22,79757,7526,846,1341.11,8446.21
CAM0172,Facebook,2023-06-22,2023-06-23,2279,8633,935,589.08,6263.55
CAM0173,Email,2023-06-23,2023-06-24,64197,5349,385,2258.07,4037.79
CAM0174,Email,2023-06-24,2023-06-25,63516,5391,353,1361.42,8225.66
CAM0175,Facebook,2023-06-25,2023-06-26,8083,2917,452,2352.45,3218.68
CAM0176,Instagram,2023-06-26,2023-06-27,18771,9524,588,4707.47,9784.29
CAM0177,Google Ads,2023-06-27,2023-06-28,30975,3974,84,2437.43,4103.36
CAM0178,LinkedIn,2023-06-28,2023-06-29,46648,9786,566,4450.93,4035.8
CAM0179,Google Ads,2023-06-29,2023-06-30,49285,4311,781,3224.77,3807.21
CAM0180,Google Ads,2023-06-30,2023-07-01,20063,761,675,1612.09,2099.0
CAM0181,Instagram,2023-07-01,2023-07-02,68642,3474,164,2101.35,2000.23
CAM0182,Google Ads,2023-07-02,2023-07-03,91093,9308,439,877.64,6832.95
CAM0183,Facebook,2023-07-03,2023-07-04,87143,307,372,2000.58,8876.06
CAM0184,Facebook,2023-07-04,2023-07-05,38599,2765,457,3548.93,8114.68
CAM0185,Email,2023-07-05,2023-07-06,52920,2593,996,824.5,2269.97
CAM0186,LinkedIn,2023-07-06,2023-07-07,29529,6913,243,1424.31,5910.24
CAM0187,Google Ads,2023-07-07,2023-07-08,36954,732,572,2216.48,1950.32
CAM0188,Google Ads,2023-07-08,2023-07-09,28856,3183,827,4919.22,1407.65
CAM0189,Instagram,2023-07-09,2023-07-10,3573,3819,271,4031.88,6907.47
CAM0190,Facebook,2023-07-10,2023-07-11,79344,7223,836,3800.69,5816.37
CAM0191,LinkedIn,2023-07-11,2023-07-12,36367,1779,134,1022.86,1738.21
CAM0192,Email,2023-07-12,2023-07-13,61774,336,920,4014.48,1314.45
CAM0193,Facebook,2023-07-13,2023-07-14,24752,7546,254,4033.71,9907.81
CAM0194,Email,2023-07-14,2023-07-15,56029,4543,551,3204.96,1270.19
CAM0195,Instagram,2023-07-15,2023-07-16,18685,6870,947,4956.63,5000.75
CAM0196,Instagram,2023-07-16,2023-07-17,52693,9832,494,1963.64,5541.57
CAM0197,Google Ads,2023-07-17,2023-07-18,56961,6199,131,4735.73,2055.52
CAM0198,LinkedIn,2023-07-18,2023-07-19,77908,8655,134,4616.29,2521.56
CAM0199,Email,2023-07-19,2023-07-20,75532,2468,558,551.66,4166.25
CAM0200,Facebook,2023-07-20,2023-07-21,82994,385,179,2525.52,7855.08
CAM0201,Instagram,2023-07-21,2023-07-22,57133,248,133,4896.97,5563.74
CAM0202,Google Ads,2023-07-22,2023-07-23,98425,4137,878,964.05,6741.12
CAM0203,Google Ads,2023-07-23,2023-07-24,62268,6649,44,2965.03,9866.57
CAM0204,Email,2023-07-24,2023-07-25,93201,7221,96,4905.31,7912.05
CAM0205,Instagram,2023-07-25,2023-07-26,39243,4995,655,2999.73,4909.25
CAM0206,LinkedIn,2023-07-26,2023-07-27,58384,5380,717,1354.17,5017.98
CAM0207,Instagram,2023-07-27,2023-07-28,32653,1112,795,3119.82,6568.95
CAM0208,Email,2023-07-28,2023-07-29,27657,9815,210,1419.98,6988.29
CAM0209,Email,2023-07-29,2023-07-30,40952,2885,378,2838.67,5506.4
CAM0210,Instagram,2023-07-30,2023-07-31,23180,3825,806,833.19,6803.75
CAM0211,Email,2023-07-31,2023-08-01,98432,4676,86,3224.67,1211.79
CAM0212,Instagram,2023-08-01,2023-08-02,79411,5882,68,2825.55,4866.61
CAM0213,Facebook,2023-08-02,2023-08-03,2622,6357,440,3830.73,3510.44
CAM0214,Instagram,2023-08-03,2023-08-04,49756,9893,647,3338.15,2162.57
CAM0215,Instagram,2023-08-04,2023-08-05,41809,2508,509,2973.23,1895.92
CAM0216,Email,2023-08-05,2023-08-06,17725,440,922,3604.0,6428.73
CAM0217,Email,2023-08-06,2023-08-07,62396,2917,118,1147.74,5712.4
CAM0218,Google Ads,2023-08-07,2023-08-08,52226,2596,745,3179.12,3282.26
CAM0219,Google Ads,2023-08-08,2023-08-09,82182,6062,287,1274.5,5238.55
CAM0220,Facebook,2023-08-09,2023-08-10,83565,5399,77,4664.85,5430.09
CAM0221,Google Ads,2023-08-10,2023-08-11,30402,7674,78,807.5,2755.08
CAM0222,Instagram,2023-08-11,2023-08-12,5263,1789,174,2436.69,6868.84
CAM0223,Email,2023-08-12,2023-08-13,97523,3367,498,3631.09,8028.27
CAM0224,Google Ads,2023-08-13,2023-08-14,47828,4506,314,2561.1,8123.17
CAM0225,Google Ads,2023-08-14,2023-08-15,48924,8553,918,914.43,6422.23
CAM0226,Facebook,2023-08-15,2023-08-16,75182,1542,683,2990.21,5604.75
CAM0227,Facebook,2023-08-16,2023-08-17,94065,8697,374,3387.34,1549.06
CAM0228,Instagram,2023-08-17,2023-08-18,60052,4537,863,3667.07,3590.48
CAM0229,Email,2023-08-18,2023-08-19,12664,5535,830,2179.67,1839.44
CAM0230,Facebook,2023-08-19,2023-08-20,36737,8535,388,3036.47,9674.41
CAM0231,Google Ads,2023-08-20,2023-08-21,90563,4207,352,2528.09,2215.72
CAM0232,Email,2023-08-21,2023-08-22,30373,660,956,3524.25,2365.98
CAM0233,Email,2023-08-22,2023-08-23,37397,8885,908,3126.01,9006.19
CAM0234,Google Ads,2023-08-23,2023-08-24,87145,5648,563,2865.9,9495.35
CAM0235,Facebook,2023-08-24,2023-08-25,39709,1926,363,1622.86,7892.46
CAM0236,Google Ads,2023-08-25,2023-08-26,62120,7729,425,509.08,1048.64
CAM0237,Email,2023-08-26,2023-08-27,20250,8425,118,1283.37,1012.12
CAM0238,LinkedIn,2023-08-27,2023-08-28,22172,3238,572,1026.8,4402.91
CAM0239,LinkedIn,2023-08-28,2023-08-29,12555,7793,771,2520.88,2290.56
CAM0240,Instagram,2023-08-29,2023-08-30,88410,8364,506,3255.16,1165.48
CAM0241,Google Ads,2023-08-30,2023-08-31,79617,7942,350,1458.88,5176.6
CAM0242,Google Ads,2023-08-31,2023-09-01,54276,6821,951,4725.76,9487.56
CAM0243,Instagram,2023-09-01,2023-09-02,58492,7102,392,530.07,3914.38
CAM0244,Instagram,2023-09-02,2023-09-03,54002,4325,542,3975.35,6950.27
CAM0245,Instagram,2023-09-03,2023-09-04,90599,3078,309,3313.42,6870.12
CAM0246,Email,2023-09-04,2023-09-05,73355,7473,148,2181.0,3259.72
CAM0247,Google Ads,2023-09-05,2023-09-06,92248,6007,368,727.2,6853.83
CAM0248,Email,2023-09-06,2023-09-07,25762,6197,845,3323.69,2911.01
CAM0249,Instagram,2023-09-07,2023-09-08,12046,5756,508,2235.26,2098.07
CAM0250,Google Ads,2023-09-08,2023-09-09,97999,9084,394,4713.2,7312.45
CAM0251,Email,2023-09-09,2023-09-10,29769,4359,613,2938.96,2020.97
CAM0252,Email,2023-09-10,2023-09-11,54302,8386,968,4728.43,9972.18
CAM0253,Instagram,2023-09-11,2023-09-12,24150,6001,289,1492.18,2651.07
CAM0254,Google Ads,2023-09-12,2023-09-13,69247,9425,646,3765.77,6347.28
CAM0255,Instagram,2023-09-13,2023-09-14,5853,5017,492,3277.62,4702.37
CAM0256,Google Ads,2023-09-14,2023-09-15,95613,8529,918,3827.34,2137.48
CAM0257,LinkedIn,2023-09-15,2023-09-16,90399,2630,120,1466.01,1250.6
CAM0258,Facebook,2023-09-16,2023-09-17,22792,2060,875,3492.48,6604.59
CAM0259,Facebook,2023-09-17,2023-09-18,60129,7145,148,2741.18,8260.82
CAM0260,Facebook,2023-09-18,2023-09-19,75478,1148,444,3842.71,8578.14
CAM0261,Instagram,2023-09-19,2023-09-20,68298,5872,518,1971.7,5344.42
CAM0262,LinkedIn,2023-09-20,2023-09-21,32987,2629,282,4505.26,7997.1
CAM0263,Google Ads,2023-09-21,2023-09-22,16850,3064,108,879.36,7055.62
CAM0264,Email,2023-09-22,2023-09-23,13112,7237,773,4132.35,7518.29
CAM0265,Google Ads,2023-09-23,2023-09-24,25058,1063,859,4375.94,5433.39
CAM0266,Email,2023-09-24,2023-09-25,46420,636,113,4177.64,6700.71
CAM0267,Google Ads,2023-09-25,2023-09-26,39890,7440,223,2807.27,8249.73
CAM0268,LinkedIn,2023-09-26,2023-09-27,67017,7279,770,2472.73,4580.96
CAM0269,Email,2023-09-27,2023-09-28,48304,8067,673,4983.18,8253.81
CAM0270,Instagram,2023-09-28,2023-09-29,33921,8834,771,1531.27,6328.15
CAM0271,Google Ads,2023-09-29,2023-09-30,2524,945,796,2960.94,2493.11
CAM0272,Google Ads,2023-09-30,2023-10-01,16048,5877,174,3518.04,1222.16
CAM0273,Email,2023-10-01,2023-10-02,36111,3136,862,3653.9,4264.78
CAM0274,Instagram,2023-10-02,2023-10-03,38904,6047,529,1418.11,5920.27
CAM0275,Instagram,2023-10-03,2023-10-04,55912,2594,293,3442.97,8558.38
CAM0276,LinkedIn,2023-10-04,2023-10-05,35008,2819,526,4182.66,2147.37
CAM0277,Instagram,2023-10-05,2023-10-06,1060,1984,666,725.08,8201.86
CAM0278,Instagram,2023-10-06,2023-10-07,75666,4449,622,4601.85,8767.08
CAM0279,Instagram,2023-10-07,2023-10-08,84559,5279,173,632.77,2356.19
CAM0280,Facebook,2023-10-08,2023-10-09,56337,6710,895,2101.87,8664.35
CAM0281,LinkedIn,2023-10-09,2023-10-10,14350,6530,668,571.16,9923.08
CAM0282,Google Ads,2023-10-10,2023-10-11,25354,7254,73,847.15,7541.55
CAM0283,Email,2023-10-11,2023-10-12,46186,6588,100,4600.26,8062.93
CAM0284,Google Ads,2023-10-12,2023-10-13,29145,4837,126,2096.87,9949.74
CAM0285,LinkedIn,2023-10-13,2023-10-14,35020,6625,875,2411.47,6449.33
CAM0286,Email,2023-10-14,2023-10-15,87123,3950,276,1469.05,3770.98
CAM0287,LinkedIn,2023-10-15,2023-10-16,76186,789,831,3186.93,8537.78
CAM0288,Instagram,2023-10-16,2023-10-17,86469,5275,694,3176.61,6530.37
CAM0289,Email,2023-10-17,2023-10-18,21581,8748,568,2174.9,6230.76
CAM0290,Instagram,2023-10-18,2023-10-19,89929,5178,149,1998.66,3282.72
CAM0291,Google Ads,2023-10-19,2023-10-20,24051,5548,255,4482.34,7807.01
CAM0292,Google Ads,2023-10-20,2023-10-21,52474,1279,670,2224.78,1735.01
CAM0293,Email,2023-10-21,2023-10-22,92748,9174,767,2720.75,9318.58
CAM0294,Email,2023-10-22,2023-10-23,70626,6506,404,1774.87,3932.41
CAM0295,LinkedIn,2023-10-23,2023-10-24,7960,8691,496,4040.46,2149.97
CAM0296,LinkedIn,2023-10-24,2023-10-25,36772,7007,485,2288.52,4981.3
CAM0297,Instagram,2023-10-25,2023-10-26,22520,8900,526,2811.25,1382.23
CAM0298,Email,2023-10-26,2023-10-27,50481,1738,986,1640.11,7161.64
CAM0299,Google Ads,2023-10-27,2023-10-28,37408,5771,193,4944.47,9124.35
CAM0300,LinkedIn,2023-10-28,2023-10-29,95006,7028,29,1811.73,8535.37
CAM0301,LinkedIn,2023-10-29,2023-10-30,58134,1482,946,3968.34,2146.33
CAM0302,Google Ads,2023-10-30,2023-10-31,21491,1503,567,2423.73,2136.44
CAM0303,LinkedIn,2023-10-31,2023-11-01,2341,9111,533,1427.98,8320.91
CAM0304,Instagram,2023-11-01,2023-11-02,45623,3392,591,4098.73,9318.29
CAM0305,Email,2023-11-02,2023-11-03,91327,9111,538,2001.23,5146.03
CAM0306,Google Ads,2023-11-03,2023-11-04,1338,519,892,4393.37,5490.74
CAM0307,Email,2023-11-04,2023-11-05,72431,4617,156,4618.66,3864.36
CAM0308,LinkedIn,2023-11-05,2023-11-06,13254,3402,675,4369.21,9048.39
CAM0309,LinkedIn,2023-11-06,2023-11-07,52860,7957,313,657.54,6804.13
CAM0310,Google Ads,2023-11-07,2023-11-08,12344,9800,629,4043.18,3594.26
CAM0311,Instagram,2023-11-08,2023-11-09,2750,7970,757,2351.03,3689.05
CAM0312,Facebook,2023-11-09,2023-11-10,55756,5793,829,4431.75,9020.8
CAM0313,Google Ads,2023-11-10,2023-11-11,68957,867,873,3370.79,1122.71
CAM0314,Facebook,2023-11-11,2023-11-12,59053,2144,591,4251.39,3904.54
CAM0315,Facebook,2023-11-12,2023-11-13,71855,1649,704,2747.44,5989.21
CAM0316,Instagram,2023-11-13,2023-11-14,16896,6240,771,2907.61,2333.96
CAM0317,Facebook,2023-11-14,2023-11-15,56761,3816,237,1149.74,1828.89
CAM0318,Facebook,2023-11-15,2023-11-16,63552,4581,111,4027.94,8337.49
CAM0319,Instagram,2023-11-16,2023-11-17,78454,7998,596,2387.25,9049.64
CAM0320,Facebook,2023-11-17,2023-11-18,91600,6648,426,2750.36,8412.46
CAM0321,Facebook,2023-11-18,2023-11-19,28935,2393,967,4032.94,9089.09
CAM0322,Facebook,2023-11-19,2023-11-20,38641,4937,225,3194.8,5978.01
CAM0323,Google Ads,2023-11-20,2023-11-21,30711,7858,416,1404.94,8310.32
CAM0324,Google Ads,2023-11-21,2023-11-22,71342,6893,408,3156.05,4456.38
CAM0325,Google Ads,2023-11-22,2023-11-23,13182,7738,932,2334.35,6996.41
CAM0326,Instagram,2023-11-23,2023-11-24,88833,8093,724,2612.86,9899.52
CAM0327,LinkedIn,2023-11-24,2023-11-25,57276,6107,713,627.4,3031.55
CAM0328,Facebook,2023-11-25,2023-11-26,20541,5642,770,1445.13,4509.1
CAM0329,Facebook,2023-11-26,2023-11-27,95457,9192,508,1764.67,5320.43
CAM0330,Instagram,2023-11-27,2023-11-28,83310,6456,763,3708.32,2242.14
CAM0331,Facebook,2023-11-28,2023-11-29,45813,8533,474,551.72,1729.35
CAM0332,Google Ads,2023-11-29,2023-11-30,38198,7480,700,2339.5,8467.51
CAM0333,LinkedIn,2023-11-30,2023-12-01,9820,2485,958,4658.12,9791.15
CAM0334,Email,2023-12-01,2023-12-02,25070,4368,983,1003.46,4642.53
CAM0335,Facebook,2023-12-02,2023-12-03,70768,771,740,2823.91,1788.85
CAM0336,Google Ads,2023-12-03,2023-12-04,12122,263,91,4039.35,1592.31
CAM0337,Email,2023-12-04,2023-12-05,81559,8756,613,4741.39,9021.86
CAM0338,LinkedIn,2023-12-05,2023-12-06,74543,4692,956,3860.49,5174.33
CAM0339,Email,2023-12-06,2023-12-07,84441,4895,696,3742.54,3880.25
CAM0340,Google Ads,2023-12-07,2023-12-08,42786,4898,760,4219.2,5288.15
CAM0341,Email,2023-12-08,2023-12-09,95934,6136,781,2507.91,3864.74
CAM0342,Instagram,2023-12-09,2023-12-10,7737,2455,912,4126.3,5401.32
CAM0343,Email,2023-12-10,2023-12-11,37062,5987,374,535.84,8736.01
CAM0344,Facebook,2023-12-11,2023-12-12,55237,8061,172,4660.52,6330.71
CAM0345,Facebook,2023-12-12,2023-12-13,52571,5927,57,2494.88,7251.88
CAM0346,Instagram,2023-12-13,2023-12-14,26510,8837,520,2990.21,4282.04
CAM0347,Google Ads,2023-12-14,2023-12-15,20426,4819,338,1646.97,7646.55
CAM0348,Facebook,2023-12-15,2023-12-16,38265,693,849,3841.39,6999.55
CAM0349,LinkedIn,2023-12-16,2023-12-17,18850,4939,125,844.86,2076.06
CAM0350,Facebook,2023-12-17,2023-12-18,67150,7494,950,4426.86,6153.79
CAM0351,Facebook,2023-12-18,2023-12-19,88312,9751,858,4226.53,3310.69
CAM0352,Google Ads,2023-12-19,2023-12-20,90613,3593,346,1472.27,8236.86
CAM0353,Email,2023-12-20,2023-12-21,75910,6264,890,4141.96,4833.44
CAM0354,Facebook,2023-12-21,2023-12-22,53375,2772,746,4038.61,9952.16
CAM0355,Instagram,2023-12-22,2023-12-23,36435,4300,873,3344.97,1832.5
CAM0356,Email,2023-12-23,2023-12-24,97443,116,849,2180.84,8023.13
CAM0357,LinkedIn,2023-12-24,2023-12-25,58132,3291,156,1721.74,7063.32
CAM0358,Google Ads,2023-12-25,2023-12-26,79945,492,584,1543.03,7907.49
CAM0359,LinkedIn,2023-12-26,2023-12-27,83050,8716,815,1933.74,3767.77
CAM0360,Email,2023-12-27,2023-12-28,96402,6372,332,4566.01,5428.49
CAM0361,Email,2023-12-28,2023-12-29,3983,671,452,849.38,8168.58
CAM0362,Email,2023-12-29,2023-12-30,98241,3731,846,4229.92,3092.87
CAM0363,LinkedIn,2023-12-30,2023-12-31,21662,6272,22,2070.01,3034.3
CAM0364,Email,2023-12-31,2024-01-01,24510,9412,952,2847.2,5959.46
CAM0365,LinkedIn,2024-01-01,2024-01-02,79187,7277,503,4075.19,5712.07
CAM0366,Email,2024-01-02,2024-01-03,41998,8533,710,4479.69,3540.36
CAM0367,Instagram,2024-01-03,2024-01-04,57846,3997,296,2051.52,3682.68
CAM0368,Email,2024-01-04,2024-01-05,95071,8223,729,2578.3,3500.61
CAM0369,LinkedIn,2024-01-05,2024-01-06,7640,2379,123,2365.32,7943.61
CAM0370,Facebook,2024-01-06,2024-01-07,45547,9080,489,559.63,6867.11
CAM0371,Email,2024-01-07,2024-01-08,55620,7551,31,1831.74,8491.75
CAM0372,Facebook,2024-01-08,2024-01-09,16317,9006,358,2566.35,9779.26
CAM0373,Instagram,2024-01-09,2024-01-10,8564,875,735,2349.92,5267.48
CAM0374,Google Ads,2024-01-10,2024-01-11,28345,6969,692,3748.68,1600.24
CAM0375,Instagram,2024-01-11,2024-01-12,95223,2347,844,2231.62,1432.83
CAM0376,Email,2024-01-12,2024-01-13,80273,7188,575,2702.19,3660.99
CAM0377,Facebook,2024-01-13,2024-01-14,75859,178,915,2433.24,9392.9
CAM0378,Facebook,2024-01-14,2024-01-15,81765,8180,819,3832.82,5708.92
CAM0379,LinkedIn,2024-01-15,2024-01-16,75038,7199,329,4383.38,3446.08
CAM0380,Facebook,2024-01-16,2024-01-17,53393,4026,135,2893.5,4592.5
CAM0381,LinkedIn,2024-01-17,2024-01-18,67081,9147,286,4052.44,6387.36
CAM0382,Google Ads,2024-01-18,2024-01-19,30430,7440,985,1835.54,6876.55
CAM0383,Email,2024-01-19,2024-01-20,76532,7183,213,2936.16,2385.28
CAM0384,LinkedIn,2024-01-20,2024-01-21,28788,6330,203,2053.53,9793.29
CAM0385,Google Ads,2024-01-21,2024-01-22,96505,9323,690,2363.9,5902.95
CAM0386,Facebook,2024-01-22,2024-01-23,49543,5040,673,3795.86,2221.19
CAM0387,Facebook,2024-01-23,2024-01-24,14919,3371,556,4467.48,9042.72
CAM0388,Google Ads,2024-01-24,2024-01-25,70346,3556,705,1046.73,1671.75
CAM0389,Facebook,2024-01-25,2024-01-26,97122,7888,295,3355.88,9169.62
CAM0390,Google Ads,2024-01-26,2024-01-27,40974,8699,66,3119.65,9969.09
CAM0391,LinkedIn,2024-01-27,2024-01-28,17371,7750,743,1032.87,7303.89
CAM0392,LinkedIn,2024-01-28,2024-01-29,46084,2811,312,1453.52,7934.02
CAM0393,Google Ads,2024-01-29,2024-01-30,30629,1768,172,1899.51,4035.73
CAM0394,LinkedIn,2024-01-30,2024-01-31,52184,247,28,1251.19,9474.19
CAM0395,LinkedIn,2024-01-31,2024-02-01,62916,6520,379,1596.78,5767.43
CAM0396,LinkedIn,2024-02-01,2024-02-02,74972,465,273,1704.2,7591.5
CAM0397,Instagram,2024-02-02,2024-02-03,63187,9966,803,2010.53,9316.97
CAM0398,Email,2024-02-03,2024-02-04,13984,4631,122,3872.26,9776.62
CAM0399,Facebook,2024-02-04,2024-02-05,34039,5430,497,3073.6,8498.84
CAM0400,Instagram,2024-02-05,2024-02-06,86431,5610,336,4938.11,3727.16
CAM0401,LinkedIn,2024-02-06,2024-02-07,84691,8854,551,2366.31,9698.93
CAM0402,Google Ads,2024-02-07,2024-02-08,59606,9064,656,3892.39,6653.08
CAM0403,LinkedIn,2024-02-08,2024-02-09,11616,6593,588,4421.61,9375.78
CAM0404,Email,2024-02-09,2024-02-10,51072,5539,74,3555.4,7084.95
CAM0405,LinkedIn,2024-02-10,2024-02-11,25574,9865,301,2353.39,3765.15
CAM0406,Google Ads,2024-02-11,2024-02-12,4430,6611,34,3891.18,4330.22
CAM0407,Email,2024-02-12,2024-02-13,13676,7604,558,1416.5,5954.25
CAM0408,LinkedIn,2024-02-13,2024-02-14,11816,1346,10,1973.98,8110.13
CAM0409,Email,2024-02-14,2024-02-15,33733,3939,920,2960.08,3861.84
CAM0410,Facebook,2024-02-15,2024-02-16,86680,8651,558,3089.34,6217.58
CAM0411,Facebook,2024-02-16,2024-02-17,3050,2476,150,599.64,4110.62
CAM0412,LinkedIn,2024-02-17,2024-02-18,34933,3109,753,4753.01,8341.92
CAM0413,Email,2024-02-18,2024-02-19,25951,9254,657,3634.82,5200.55
CAM0414,Google Ads,2024-02-19,2024-02-20,33413,1927,910,2730.67,1690.51
CAM0415,LinkedIn,2024-02-20,2024-02-21,35801,7079,197,4699.07,2494.47
CAM0416,Facebook,2024-02-21,2024-02-22,56619,9905,137,2475.93,1549.94
CAM0417,Facebook,2024-02-22,2024-02-23,33913,9932,210,4911.96,5493.73
CAM0418,LinkedIn,2024-02-23,2024-02-24,41600,8669,136,2805.28,1957.04
CAM0419,Email,2024-02-24,2024-02-25,58775,4385,266,1014.29,2027.26
CAM0420,Facebook,2024-02-25,2024-02-26,91816,7010,685,3941.6,9469.43
CAM0421,Email,2024-02-26,2024-02-27,91093,8661,556,3555.04,8853.9
CAM0422,Facebook,2024-02-27,2024-02-28,36400,2296,203,3978.44,5068.78
CAM0423,Facebook,2024-02-28,2024-02-29,5494,3847,712,4781.49,9872.25
CAM0424,Instagram,2024-02-29,2024-03-01,81688,8943,113,3994.2,1001.68
CAM0425,Facebook,2024-03-01,2024-03-02,90431,6078,544,3251.01,6525.82
CAM0426,Google Ads,2024-03-02,2024-03-03,75691,5707,274,4357.89,6547.85
CAM0427,LinkedIn,2024-03-03,2024-03-04,98419,869,811,3529.61,5116.99
CAM0428,LinkedIn,2024-03-04,2024-03-05,44001,880,951,2336.54,4572.53
CAM0429,Email,2024-03-05,2024-03-06,68364,6403,983,4485.29,5098.45
CAM0430,Facebook,2024-03-06,2024-03-07,46028,4083,393,1498.55,4734.64
CAM0431,Google Ads,2024-03-07,2024-03-08,98659,9603,269,3715.89,7574.43
CAM0432,Email,2024-03-08,2024-03-09,38573,8814,423,4467.04,2218.2
CAM0433,Instagram,2024-03-09,2024-03-10,1806,621,367,3790.92,2778.75
CAM0434,Email,2024-03-10,2024-03-11,57638,9227,84,3637.74,2624.66
CAM0435,Email,2024-03-11,2024-03-12,30757,7669,364,3886.87,3362.24
CAM0436,Facebook,2024-03-12,2024-03-13,35636,5884,593,2592.75,5727.33
CAM0437,Instagram,2024-03-13,2024-03-14,81097,4683,780,4433.77,2000.88
CAM0438,Email,2024-03-14,2024-03-15,49280,6046,919,1415.46,8813.52
CAM0439,Google Ads,2024-03-15,2024-03-16,25262,5041,197,1073.24,3676.25
CAM0440,Google Ads,2024-03-16,2024-03-17,81435,6367,982,1784.79,2462.84
CAM0441,LinkedIn,2024-03-17,2024-03-18,63211,7228,694,2892.1,7080.59
CAM0442,Instagram,2024-03-18,2024-03-19,55842,2561,299,2797.53,1342.78
CAM0443,Instagram,2024-03-19,2024-03-20,57979,785,54,4192.69,6579.72
CAM0444,LinkedIn,2024-03-20,2024-03-21,82470,2260,582,2320.56,7283.79
CAM0445,Email,2024-03-21,2024-03-22,39197,7131,92,2679.55,2934.25
CAM0446,Instagram,2024-03-22,2024-03-23,42844,9859,132,560.15,1377.68
CAM0447,Google Ads,2024-03-23,2024-03-24,65754,5441,367,2343.83,4272.81
CAM0448,Google Ads,2024-03-24,2024-03-25,35157,138,537,3414.98,1887.35
CAM0449,Facebook,2024-03-25,2024-03-26,78129,4975,75,569.79,2048.3
CAM0450,Instagram,2024-03-26,2024-03-27,41042,1356,945,1763.97,3288.35
CAM0451,Email,2024-03-27,2024-03-28,62665,7797,666,1435.8,3659.21
CAM0452,LinkedIn,2024-03-28,2024-03-29,83856,2296,384,688.93,5769.73
CAM0453,LinkedIn,2024-03-29,2024-03-30,28376,7265,171,2656.67,7105.53
CAM0454,Email,2024-03-30,2024-03-31,56554,401,755,1317.75,6334.94
CAM0455,Facebook,2024-03-31,2024-04-01,15199,7627,389,3843.87,2335.24
CAM0456,LinkedIn,2024-04-01,2024-04-02,82412,6481,665,4315.68,2548.77
CAM0457,Instagram,2024-04-02,2024-04-03,51948,746,367,2955.13,8908.92
CAM0458,Facebook,2024-04-03,2024-04-04,74781,8889,197,4917.68,6025.17
CAM0459,Instagram,2024-04-04,2024-04-05,73750,8953,331,2527.15,8829.44
CAM0460,Google Ads,2024-04-05,2024-04-06,67262,4430,459,2810.16,4343.92
CAM0461,Facebook,2024-04-06,2024-04-07,47600,9660,483,4951.48,6529.6
CAM0462,LinkedIn,2024-04-07,2024-04-08,77898,7103,22,1541.97,5712.97
CAM0463,Facebook,2024-04-08,2024-04-09,63483,3637,193,4741.46,3872.11
CAM0464,Facebook,2024-04-09,2024-04-10,19297,4658,120,692.77,5229.24
CAM0465,Facebook,2024-04-10,2024-04-11,31448,6679,936,2508.74,5522.42
CAM0466,Facebook,2024-04-11,2024-04-12,27172,8574,517,815.02,2806.94
CAM0467,Instagram,2024-04-12,2024-04-13,43874,9778,299,3781.56,3835.09
CAM0468,Google Ads,2024-04-13,2024-04-14,8657,4182,304,3237.84,8122.69
CAM0469,Email,2024-04-14,2024-04-15,85386,4283,460,3679.85,9242.09
CAM0470,Facebook,2024-04-15,2024-04-16,26425,8752,913,2185.16,4238.15
CAM0471,LinkedIn,2024-04-16,2024-04-17,27685,3854,224,2162.67,3762.75
CAM0472,Facebook,2024-04-17,2024-04-18,25578,1824,983,703.94,2756.77
CAM0473,LinkedIn,2024-04-18,2024-04-19,29831,1476,641,2074.75,7106.42
CAM0474,Instagram,2024-04-19,2024-04-20,8906,8806,903,4681.8,3907.9
CAM0475,LinkedIn,2024-04-20,2024-04-21,62413,8994,576,2206.52,9889.75
CAM0476,Email,2024-04-21,2024-04-22,55028,1753,36,4241.15,3931.16
CAM0477,Google Ads,2024-04-22,2024-04-23,8287,2166,639,4290.46,4547.22
CAM0478,LinkedIn,2024-04-23,2024-04-24,34660,122,742,2179.59,6430.01
CAM0479,LinkedIn,2024-04-24,2024-04-25,76758,2560,240,3343.95,8215.16
CAM0480,Google Ads,2024-04-25,2024-04-26,61504,6026,574,929.17,5225.67
CAM0481,Email,2024-04-26,2024-04-27,60720,6351,816,966.55,4803.9
CAM0482,Facebook,2024-04-27,2024-04-28,35701,9596,330,718.96,9960.74
CAM0483,LinkedIn,2024-04-28,2024-04-29,84300,7395,922,3114.57,1094.44
CAM0484,Google Ads,2024-04-29,2024-04-30,18674,3400,242,2417.32,9055.59
CAM0485,Instagram,2024-04-30,2024-05-01,84560,6379,679,2966.15,2342.27
CAM0486,Google Ads,2024-05-01,2024-05-02,24874,8653,446,2844.83,8073.33
CAM0487,Instagram,2024-05-02,2024-05-03,44642,7453,790,2075.91,6561.38
CAM0488,Email,2024-05-03,2024-05-04,98820,3827,542,3548.63,4076.63
CAM0489,Facebook,2024-05-04,2024-05-05,66160,6372,412,3913.26,8864.87
CAM0490,Google Ads,2024-05-05,2024-05-06,18602,6095,62,565.83,1116.17
CAM0491,LinkedIn,2024-05-06,2024-05-07,89801,9576,796,1432.59,3040.22
CAM0492,Email,2024-05-07,2024-05-08,26931,614,322,3709.56,6102.04
CAM0493,Google Ads,2024-05-08,2024-05-09,95377,548,290,2239.79,4163.88
CAM0494,LinkedIn,2024-05-09,2024-05-10,30192,6119,735,3481.18,6493.4
CAM0495,Google Ads,2024-05-10,2024-05-11,47542,5443,40,2061.33,1216.99
CAM0496,Instagram,2024-05-11,2024-05-12,43520,8133,346,2258.4,2048.13
CAM0497,Google Ads,2024-05-12,2024-05-13,65772,2620,192,1214.05,2143.87
CAM0498,Google Ads,2024-05-13,2024-05-14,59762,3181,32,1662.04,2703.55
CAM0499,Google Ads,2024-05-14,2024-05-15,51106,1528,553,3224.35,5133.98
CAM0500,Email,2024-05-15,2024-05-16,82121,4067,455,2449.23,7769.16
CAM0501,Google Ads,2024-05-16,2024-05-17,26559,6545,83,3984.36,9149.85
CAM0502,LinkedIn,2024-05-17,2024-05-18,34742,9214,19,4336.63,8518.35
CAM0503,Instagram,2024-05-18,2024-05-19,70669,2259,493,2937.41,2771.99
CAM0504,Instagram,2024-05-19,2024-05-20,81199,5232,465,3912.2,4970.35
CAM0505,Google Ads,2024-05-20,2024-05-21,22754,2647,575,1881.07,2794.7
CAM0506,Email,2024-05-21,2024-05-22,4972,3079,573,2367.37,3380.25
CAM0507,Email,2024-05-22,2024-05-23,71831,2749,669,3707.5,5531.92
CAM0508,LinkedIn,2024-05-23,2024-05-24,42873,8605,169,2237.95,1612.98
CAM0509,Google Ads,2024-05-24,2024-05-25,95661,3183,891,3148.27,2963.57
CAM0510,Instagram,2024-05-25,2024-05-26,10903,1137,23,1334.18,9418.4
CAM0511,Email,2024-05-26,2024-05-27,4020,3589,187,3198.97,5195.05
CAM0512,Google Ads,2024-05-27,2024-05-28,42755,7704,421,4376.81,5008.48
CAM0513,Email,2024-05-28,2024-05-29,86956,7644,887,4408.88,1131.1
CAM0514,Email,2024-05-29,2024-05-30,87988,2734,62,3759.55,3226.6
CAM0515,Instagram,2024-05-30,2024-05-31,46648,4083,417,3855.89,8796.63
CAM0516,Facebook,2024-05-31,2024-06-01,10516,1878,856,3010.67,2481.66
CAM0517,LinkedIn,2024-06-01,2024-06-02,3396,8002,31,3131.01,4736.12
CAM0518,LinkedIn,2024-06-02,2024-06-03,85082,5210,39,1101.43,1128.98
CAM0519,Instagram,2024-06-03,2024-06-04,20129,5289,712,2497.37,5305.02
CAM0520,Email,2024-06-04,2024-06-05,2591,7478,269,2528.49,1189.19
CAM0521,Google Ads,2024-06-05,2024-06-06,12303,1224,214,4813.24,8376.49
CAM0522,Email,2024-06-06,2024-06-07,31561,797,68,2439.89,8423.68
CAM0523,Instagram,2024-06-07,2024-06-08,72719,2279,480,2972.04,8089.68
CAM0524,LinkedIn,2024-06-08,2024-06-09,93108,9696,785,2899.63,3550.28
CAM0525,Email,2024-06-09,2024-06-10,87231,5351,475,3365.43,8535.13
CAM0526,LinkedIn,2024-06-10,2024-06-11,8314,9335,21,3867.05,5886.98
CAM0527,Google Ads,2024-06-11,2024-06-12,20623,2029,640,1512.69,4364.27
CAM0528,LinkedIn,2024-06-12,2024-06-13,68675,1113,936,2879.26,6627.97
CAM0529,LinkedIn,2024-06-13,2024-06-14,97826,326,983,4216.63,1111.07
CAM0530,Facebook,2024-06-14,2024-06-15,66082,7421,299,2584.02,2286.65
CAM0531,Facebook,2024-06-15,2024-06-16,84624,1928,859,1753.06,7680.64
CAM0532,Facebook,2024-06-16,2024-06-17,34130,8009,769,3446.19,3197.45
CAM0533,LinkedIn,2024-06-17,2024-06-18,52756,5688,363,4206.95,6382.08
CAM0534,Instagram,2024-06-18,2024-06-19,98624,2123,648,784.13,4465.92
CAM0535,LinkedIn,2024-06-19,2024-06-20,27292,5066,84,3995.56,8693.25
CAM0536,Instagram,2024-06-20,2024-06-21,87206,5991,882,4197.42,9571.74
CAM0537,Instagram,2024-06-21,2024-06-22,70274,1180,725,2576.85,8952.08
CAM0538,Facebook,2024-06-22,2024-06-23,3469,5136,570,4924.88,3435.58
CAM0539,Email,2024-06-23,2024-06-24,54947,2663,600,4040.19,2747.47
CAM0540,Google Ads,2024-06-24,2024-06-25,23534,3392,450,3981.48,5269.91
CAM0541,Facebook,2024-06-25,2024-06-26,64620,3686,250,3865.27,1066.01
CAM0542,Facebook,2024-06-26,2024-06-27,49874,4531,870,1177.74,1232.28
CAM0543,Email,2024-06-27,2024-06-28,50708,6941,163,1477.54,5979.62
CAM0544,Google Ads,2024-06-28,2024-06-29,75553,6743,795,2587.96,5684.04
CAM0545,LinkedIn,2024-06-29,2024-06-30,69344,4059,105,1688.02,9951.24
CAM0546,LinkedIn,2024-06-30,2024-07-01,50138,261,735,2368.58,2816.58
CAM0547,Facebook,2024-07-01,2024-07-02,55302,693,303,4498.09,3322.94
CAM0548,Google Ads,2024-07-02,2024-07-03,48638,3490,218,4209.47,2021.87
CAM0549,Facebook,2024-07-03,2024-07-04,79249,6097,352,3335.18,9257.89
CAM0550,Instagram,2024-07-04,2024-07-05,3719,6454,97,4361.54,8000.3
CAM0551,Facebook,2024-07-05,2024-07-06,23890,763,827,4026.98,8401.05
CAM0552,Facebook,2024-07-06,2024-07-07,78236,9424,785,2430.43,9124.87
CAM0553,LinkedIn,2024-07-07,2024-07-08,37509,641,946,1404.79,5724.1
CAM0554,LinkedIn,2024-07-08,2024-07-09,43534,5533,399,2813.9,5060.74
CAM0555,LinkedIn,2024-07-09,2024-07-10,93241,5193,334,3813.03,3973.52
CAM0556,Instagram,2024-07-10,2024-07-11,19787,967,949,2463.89,6302.93
CAM0557,LinkedIn,2024-07-11,2024-07-12,49845,8723,898,3500.47,5088.51
CAM0558,Google Ads,2024-07-12,2024-07-13,58932,5569,841,924.47,5064.09
CAM0559,Email,2024-07-13,2024-07-14,93124,6356,166,3866.02,9432.35
CAM0560,Google Ads,2024-07-14,2024-07-15,92659,9498,677,4157.21,9856.28
CAM0561,Google Ads,2024-07-15,2024-07-16,34062,1269,660,3680.77,8168.36
CAM0562,LinkedIn,2024-07-16,2024-07-17,76713,930,642,4852.69,7810.82
CAM0563,Email,2024-07-17,2024-07-18,88263,1751,586,4219.93,7125.02
CAM0564,Email,2024-07-18,2024-07-19,96756,1236,628,4563.92,2494.67
CAM0565,Email,2024-07-19,2024-07-20,61461,2910,668,4701.07,1531.95
CAM0566,Instagram,2024-07-20,2024-07-21,76418,8767,146,4106.07,7216.54
CAM0567,LinkedIn,2024-07-21,2024-07-22,67672,9618,932,3534.16,7559.08
CAM0568,Email,2024-07-22,2024-07-23,35832,1119,683,525.73,1422.76
CAM0569,Instagram,2024-07-23,2024-07-24,32966,5337,437,2596.22,9352.47
CAM0570,Facebook,2024-07-24,2024-07-25,73545,1383,461,3070.23,1820.27
CAM0571,Facebook,2024-07-25,2024-07-26,13987,759,621,1868.14,3573.1
CAM0572,Instagram,2024-07-26,2024-07-27,38311,2110,859,1931.47,7051.51
CAM0573,Instagram,2024-07-27,2024-07-28,32575,8690,920,4825.22,2528.85
CAM0574,LinkedIn,2024-07-28,2024-07-29,64852,1833,828,4512.7,1498.74
CAM0575,LinkedIn,2024-07-29,2024-07-30,2007,2225,150,4321.31,3980.32
CAM0576,Facebook,2024-07-30,2024-07-31,71981,2271,92,2327.05,7893.74
CAM0577,Email,2024-07-31,2024-08-01,77242,8366,186,561.64,4723.11
CAM0578,Facebook,2024-08-01,2024-08-02,48517,3571,207,861.0,6876.76
CAM0579,Email,2024-08-02,2024-08-03,30257,9128,633,1904.88,6216.57
CAM0580,Email,2024-08-03,2024-08-04,88272,5724,577,570.84,1199.97
CAM0581,LinkedIn,2024-08-04,2024-08-05,43207,8791,981,577.17,9896.86
CAM0582,Google Ads,2024-08-05,2024-08-06,14281,8429,700,4624.71,1372.85
CAM0583,Google Ads,2024-08-06,2024-08-07,62246,2197,430,3677.71,9710.22
CAM0584,Instagram,2024-08-07,2024-08-08,2435,5168,410,1890.3,5948.78
CAM0585,LinkedIn,2024-08-08,2024-08-09,99875,6497,707,1096.9,9668.43
CAM0586,Email,2024-08-09,2024-08-10,92357,2857,480,2802.36,2032.78
CAM0587,Google Ads,2024-08-10,2024-08-11,27660,4020,227,524.06,5413.68
CAM0588,Email,2024-08-11,2024-08-12,6084,8286,934,4722.86,2525.54
CAM0589,Google Ads,2024-08-12,2024-08-13,83197,2000,938,2366.67,1458.77
CAM0590,Google Ads,2024-08-13,2024-08-14,14507,2710,837,2310.51,6557.76
CAM0591,Google Ads,2024-08-14,2024-08-15,73595,7000,996,2257.67,2870.05
CAM0592,LinkedIn,2024-08-15,2024-08-16,84807,1549,738,811.98,6289.27
CAM0593,Facebook,2024-08-16,2024-08-17,46539,8838,641,3372.45,2011.28
CAM0594,Email,2024-08-17,2024-08-18,8491,5117,960,3798.52,3987.88
CAM0595,LinkedIn,2024-08-18,2024-08-19,51192,8099,915,3542.56,8034.69
CAM0596,LinkedIn,2024-08-19,2024-08-20,81395,6152,184,1122.96,4933.46
CAM0597,LinkedIn,2024-08-20,2024-08-21,64888,2196,32,3104.78,6649.71
CAM0598,LinkedIn,2024-08-21,2024-08-22,74609,8995,734,3062.68,6827.12
CAM0599,LinkedIn,2024-08-22,2024-08-23,10077,6504,926,4407.85,8593.8
CAM0600,Instagram,2024-08-23,2024-08-24,21953,9917,244,2206.07,3924.31
CAM0601,Email,2024-08-24,2024-08-25,77919,3431,22,2171.69,7185.66
CAM0602,LinkedIn,2024-08-25,2024-08-26,68889,7562,110,3283.37,9654.54
CAM0603,Email,2024-08-26,2024-08-27,24821,5205,938,3348.83,7572.19
CAM0604,Instagram,2024-08-27,2024-08-28,38567,3078,545,2611.78,5408.83
CAM0605,Instagram,2024-08-28,2024-08-29,25860,2939,885,2493.77,6676.46
CAM0606,Email,2024-08-29,2024-08-30,22195,3484,532,2723.66,7657.15
CAM0607,Google Ads,2024-08-30,2024-08-31,78475,785,794,4374.7,6510.48
CAM0608,Facebook,2024-08-31,2024-09-01,91874,7631,461,2575.25,1150.08
CAM0609,Google Ads,2024-09-01,2024-09-02,88266,4383,440,4729.69,2752.96
CAM0610,Google Ads,2024-09-02,2024-09-03,22427,7836,802,2768.02,8294.21
CAM0611,Google Ads,2024-09-03,2024-09-04,28083,7810,615,4771.4,3453.86
CAM0612,LinkedIn,2024-09-04,2024-09-05,88046,1719,722,4247.74,7584.06
CAM0613,Instagram,2024-09-05,2024-09-06,58372,6968,542,2130.94,4349.08
CAM0614,Google Ads,2024-09-06,2024-09-07,45064,1531,861,4386.39,5696.96
CAM0615,Instagram,2024-09-07,2024-09-08,8813,9167,988,995.28,1611.76
CAM0616,Email,2024-09-08,2024-09-09,32598,4813,732,4662.71,2631.03
CAM0617,Facebook,2024-09-09,2024-09-10,94106,9657,661,3342.4,9614.77
CAM0618,Email,2024-09-10,2024-09-11,28082,9535,302,744.76,9011.24
CAM0619,Email,2024-09-11,2024-09-12,30241,5098,819,3399.16,6870.48
CAM0620,LinkedIn,2024-09-12,2024-09-13,97214,262,922,4884.11,5136.8
CAM0621,Facebook,2024-09-13,2024-09-14,45569,2074,110,814.1,7081.85
CAM0622,Email,2024-09-14,2024-09-15,12745,3391,511,2996.09,6567.49
CAM0623,Email,2024-09-15,2024-09-16,27029,8561,313,3865.07,6116.97
CAM0624,Facebook,2024-09-16,2024-09-17,14025,731,880,4146.16,1532.59
CAM0625,Facebook,2024-09-17,2024-09-18,15288,1005,549,2362.22,6695.22
CAM0626,Email,2024-09-18,2024-09-19,90186,2114,562,1418.75,7920.28
CAM0627,Facebook,2024-09-19,2024-09-20,7540,9933,364,690.54,9946.73
CAM0628,Email,2024-09-20,2024-09-21,98768,7996,312,3108.77,1099.71
CAM0629,Email,2024-09-21,2024-09-22,82958,304,505,2538.1,7571.56
CAM0630,LinkedIn,2024-09-22,2024-09-23,69878,681,667,4769.35,6146.1
CAM0631,Google Ads,2024-09-23,2024-09-24,42846,5775,777,772.72,4906.47
CAM0632,Email,2024-09-24,2024-09-25,76932,9132,983,3584.28,2148.13
CAM0633,Instagram,2024-09-25,2024-09-26,18482,5447,236,612.35,4681.77
CAM0634,Google Ads,2024-09-26,2024-09-27,24411,2743,245,1271.45,4189.39
CAM0635,Google Ads,2024-09-27,2024-09-28,51975,8117,882,2541.11,3725.47
CAM0636,Google Ads,2024-09-28,2024-09-29,61545,2397,901,2546.93,7577.92
CAM0637,LinkedIn,2024-09-29,2024-09-30,79797,974,464,3585.65,7306.53
CAM0638,Email,2024-09-30,2024-10-01,53307,5660,22,4595.96,6301.18
CAM0639,LinkedIn,2024-10-01,2024-10-02,4093,789,219,3375.64,9447.98
CAM0640,Email,2024-10-02,2024-10-03,78258,4100,750,4790.91,4148.69
CAM0641,LinkedIn,2024-10-03,2024-10-04,23042,9714,406,4467.27,3194.22
CAM0642,LinkedIn,2024-10-04,2024-10-05,53930,771,109,3130.25,6903.13
CAM0643,Instagram,2024-10-05,2024-10-06,45413,8027,40,4252.06,2789.33
CAM0644,LinkedIn,2024-10-06,2024-10-07,94623,1271,907,3391.6,3835.09
CAM0645,Facebook,2024-10-07,2024-10-08,98883,5691,537,853.51,3021.42
CAM0646,Instagram,2024-10-08,2024-10-09,34756,9235,658,3832.54,1622.38
CAM0647,LinkedIn,2024-10-09,2024-10-10,54268,6442,338,927.09,8447.49
CAM0648,Google Ads,2024-10-10,2024-10-11,40214,1549,175,3173.37,3290.86
CAM0649,Facebook,2024-10-11,2024-10-12,82871,2639,468,3661.88,5257.25
CAM0650,Facebook,2024-10-12,2024-10-13,29602,4059,831,799.37,1389.84
CAM0651,Facebook,2024-10-13,2024-10-14,54331,6385,961,1538.58,7294.06
CAM0652,Instagram,2024-10-14,2024-10-15,49901,5532,991,4620.53,3975.05
CAM0653,LinkedIn,2024-10-15,2024-10-16,64416,4360,109,3273.42,7702.63
CAM0654,LinkedIn,2024-10-16,2024-10-17,33196,2461,630,1608.29,4711.63
CAM0655,Google Ads,2024-10-17,2024-10-18,6626,6264,864,3608.06,2761.8
CAM0656,Google Ads,2024-10-18,2024-10-19,8424,3770,182,3185.49,5618.58
CAM0657,Facebook,2024-10-19,2024-10-20,13857,1853,758,2757.09,2174.54
CAM0658,Google Ads,2024-10-20,2024-10-21,20982,8200,171,4892.84,4964.85
CAM0659,Instagram,2024-10-21,2024-10-22,77961,2038,914,3575.54,3855.75
CAM0660,LinkedIn,2024-10-22,2024-10-23,2980,8662,737,2189.48,9207.64
CAM0661,Facebook,2024-10-23,2024-10-24,49290,6076,785,4100.33,1548.36
CAM0662,Google Ads,2024-10-24,2024-10-25,27431,6688,272,4480.62,7246.16
CAM0663,Instagram,2024-10-25,2024-10-26,85976,8716,813,1063.49,2644.76
CAM0664,Instagram,2024-10-26,2024-10-27,83711,6404,283,1402.49,3871.41
CAM0665,Google Ads,2024-10-27,2024-10-28,27385,7445,12,1473.02,4739.63
CAM0666,LinkedIn,2024-10-28,2024-10-29,39158,7975,37,3610.45,9172.14
CAM0667,Google Ads,2024-10-29,2024-10-30,24019,9186,335,3213.68,3183.2
CAM0668,Facebook,2024-10-30,2024-10-31,19639,6733,949,3285.46,1821.78
CAM0669,Google Ads,2024-10-31,2024-11-01,86530,697,158,4733.48,3868.21
CAM0670,Instagram,2024-11-01,2024-11-02,22563,3162,549,3991.6,1942.08
CAM0671,Google Ads,2024-11-02,2024-11-03,40341,2436,497,1075.72,2157.37
CAM0672,LinkedIn,2024-11-03,2024-11-04,6776,9979,831,2063.78,6164.66
CAM0673,Email,2024-11-04,2024-11-05,37444,672,447,2459.27,1548.12
CAM0674,Google Ads,2024-11-05,2024-11-06,69916,7621,74,2281.83,1278.38
CAM0675,LinkedIn,2024-11-06,2024-11-07,9711,6271,365,3511.89,7429.73
CAM0676,LinkedIn,2024-11-07,2024-11-08,75318,7197,542,4513.52,4254.82
CAM0677,Instagram,2024-11-08,2024-11-09,83970,2190,261,1877.23,2128.38
CAM0678,LinkedIn,2024-11-09,2024-11-10,86553,6666,244,2983.45,3282.51
CAM0679,LinkedIn,2024-11-10,2024-11-11,31707,4724,236,4052.34,6778.78
CAM0680,LinkedIn,2024-11-11,2024-11-12,40110,1733,534,2372.98,3479.83
CAM0681,LinkedIn,2024-11-12,2024-11-13,62788,1617,322,1256.53,5450.69
CAM0682,Facebook,2024-11-13,2024-11-14,83879,3748,58,2637.28,2095.26
CAM0683,Facebook,2024-11-14,2024-11-15,39827,1637,127,748.5,6292.84
CAM0684,Instagram,2024-11-15,2024-11-16,6655,3237,63,4740.73,3844.7
CAM0685,Google Ads,2024-11-16,2024-11-17,45859,7085,659,836.7,6642.72
CAM0686,LinkedIn,2024-11-17,2024-11-18,54625,197,574,2473.06,8275.55
CAM0687,Google Ads,2024-11-18,2024-11-19,53098,3850,53,2884.47,6504.82
CAM0688,Google Ads,2024-11-19,2024-11-20,16251,8635,824,4933.87,3661.73
CAM0689,Instagram,2024-11-20,2024-11-21,1526,8274,62,1247.1,3301.69
CAM0690,LinkedIn,2024-11-21,2024-11-22,69760,8203,595,1014.94,3946.79
CAM0691,LinkedIn,2024-11-22,2024-11-23,48837,5513,567,539.18,2481.58
CAM0692,Email,2024-11-23,2024-11-24,12536,4766,534,1200.07,2630.55
CAM0693,Google Ads,2024-11-24,2024-11-25,29541,710,686,1432.73,8116.22
CAM0694,Google Ads,2024-11-25,2024-11-26,80083,1827,111,3337.61,4462.59
CAM0695,Facebook,2024-11-26,2024-11-27,52027,1954,801,1488.68,4923.96
CAM0696,Email,2024-11-27,2024-11-28,35531,5155,779,592.34,6346.45
CAM0697,Facebook,2024-11-28,2024-11-29,9712,2424,991,4219.78,6306.88
CAM0698,Facebook,2024-11-29,2024-11-30,66455,9469,858,2145.18,1606.39
CAM0699,Facebook,2024-11-30,2024-12-01,75744,9383,877,2091.64,8483.87
CAM0700,Instagram,2024-12-01,2024-12-02,6109,5874,407,1861.16,2595.94
CAM0701,Instagram,2024-12-02,2024-12-03,50268,6619,147,4889.18,7507.64
CAM0702,Facebook,2024-12-03,2024-12-04,55615,1849,684,1265.52,7954.04
CAM0703,Email,2024-12-04,2024-12-05,83503,881,930,4542.07,7434.1
CAM0704,Google Ads,2024-12-05,2024-12-06,30759,7648,396,3995.61,6210.8
CAM0705,Email,2024-12-06,2024-12-07,86708,6923,120,844.16,1131.48
CAM0706,LinkedIn,2024-12-07,2024-12-08,61112,2205,623,4940.28,4243.38
CAM0707,Instagram,2024-12-08,2024-12-09,27589,3967,26,1721.15,6443.55
CAM0708,Google Ads,2024-12-09,2024-12-10,31015,7293,789,943.62,4487.06
CAM0709,Google Ads,2024-12-10,2024-12-11,30009,5076,191,4231.91,8771.32
CAM0710,LinkedIn,2024-12-11,2024-12-12,84309,2213,893,3680.04,3779.22
CAM0711,LinkedIn,2024-12-12,2024-12-13,63046,5979,545,3277.48,3641.81
CAM0712,Facebook,2024-12-13,2024-12-14,27143,4070,550,1201.91,3393.98
CAM0713,Instagram,2024-12-14,2024-12-15,7154,9359,180,2653.23,3995.03
CAM0714,Instagram,2024-12-15,2024-12-16,22804,7364,418,4012.5,6016.64
CAM0715,Email,2024-12-16,2024-12-17,42688,1677,749,1866.31,7363.14
CAM0716,Facebook,2024-12-17,2024-12-18,65288,9303,387,1902.6,6963.11
CAM0717,Facebook,2024-12-18,2024-12-19,52195,2374,197,514.13,8269.46
CAM0718,Facebook,2024-12-19,2024-12-20,21581,4969,867,1284.1,8973.23
CAM0719,Facebook,2024-12-20,2024-12-21,53648,6844,239,4439.33,8344.71
CAM0720,Instagram,2024-12-21,2024-12-22,31087,2526,842,2487.86,1170.51
CAM0721,Instagram,2024-12-22,2024-12-23,50930,5646,861,4929.06,7623.26
CAM0722,Facebook,2024-12-23,2024-12-24,33981,6952,128,2280.69,2875.6
CAM0723,Email,2024-12-24,2024-12-25,70298,2651,165,3718.34,2196.35
CAM0724,Google Ads,2024-12-25,2024-12-26,47167,6511,793,1768.64,6746.4
CAM0725,Google Ads,2024-12-26,2024-12-27,76304,107,696,2137.14,3877.69
CAM0726,Email,2024-12-27,2024-12-28,44408,8187,474,1358.27,1514.05
CAM0727,Facebook,2024-12-28,2024-12-29,40499,2655,113,2061.78,2238.67
CAM0728,Instagram,2024-12-29,2024-12-30,53269,575,613,2962.57,1008.36
CAM0729,Google Ads,2024-12-30,2024-12-31,39559,5516,707,4962.98,9129.01
CAM0730,LinkedIn,2024-12-31,2025-01-01,75319,8776,981,3488.91,1221.56
CAM0731,LinkedIn,2025-01-01,2025-01-02,96317,7339,804,1396.61,2885.1
CAM0732,Email,2025-01-02,2025-01-03,97347,6810,511,702.33,4746.37
CAM0733,Facebook,2025-01-03,2025-01-04,49787,5100,702,1068.6,4209.14
CAM0734,Google Ads,2025-01-04,2025-01-05,36488,4754,691,3031.5,9205.53
CAM0735,Facebook,2025-01-05,2025-01-06,75441,8178,708,3943.22,1362.6
CAM0736,Google Ads,2025-01-06,2025-01-07,75663,6163,184,4731.89,5609.93
CAM0737,Email,2025-01-07,2025-01-08,23431,2385,743,571.2,7124.32
CAM0738,Email,2025-01-08,2025-01-09,62681,5323,754,2852.42,9385.28
CAM0739,LinkedIn,2025-01-09,2025-01-10,64483,7071,683,2618.9,6583.34
CAM0740,Facebook,2025-01-10,2025-01-11,50153,3625,430,3452.25,8233.8
CAM0741,LinkedIn,2025-01-11,2025-01-12,7368,2922,143,3018.1,1753.52
CAM0742,Facebook,2025-01-12,2025-01-13,28424,5043,400,3591.68,4473.46
CAM0743,LinkedIn,2025-01-13,2025-01-14,46004,6630,745,3461.37,4365.52
CAM0744,Instagram,2025-01-14,2025-01-15,84869,358,510,1026.55,8976.59
CAM0745,Instagram,2025-01-15,2025-01-16,89652,382,674,4098.73,2362.34
CAM0746,Instagram,2025-01-16,2025-01-17,57985,1998,42,1054.55,2366.98
CAM0747,Instagram,2025-01-17,2025-01-18,51069,4235,64,3643.39,3957.02
CAM0748,Google Ads,2025-01-18,2025-01-19,53326,6729,963,2372.65,1490.19
CAM0749,Instagram,2025-01-19,2025-01-20,82061,3300,528,2812.33,2642.12
CAM0750,Email,2025-01-20,2025-01-21,24398,5210,765,4564.84,9686.89
CAM0751,Email,2025-01-21,2025-01-22,99393,7267,834,4504.48,4853.66
CAM0752,Google Ads,2025-01-22,2025-01-23,51861,712,647,4180.35,6688.17
CAM0753,Instagram,2025-01-23,2025-01-24,76897,787,21,2795.67,7535.0
CAM0754,Instagram,2025-01-24,2025-01-25,82905,3790,537,3813.08,4302.65
CAM0755,Instagram,2025-01-25,2025-01-26,69577,8904,729,2808.04,2325.04
CAM0756,LinkedIn,2025-01-26,2025-01-27,66641,2407,564,4413.23,2859.23
CAM0757,Facebook,2025-01-27,2025-01-28,10078,7233,382,2312.49,3819.4
CAM0758,LinkedIn,2025-01-28,2025-01-29,26003,6609,493,4866.06,6724.62
CAM0759,Facebook,2025-01-29,2025-01-30,63768,6006,982,4695.45,4584.52
CAM0760,Instagram,2025-01-30,2025-01-31,52047,2691,656,3837.21,1061.33
CAM0761,Instagram,2025-01-31,2025-02-01,72626,7283,237,1757.37,5710.66
CAM0762,LinkedIn,2025-02-01,2025-02-02,58660,5348,632,1092.44,9293.62
CAM0763,LinkedIn,2025-02-02,2025-02-03,50786,8866,316,4346.17,8308.7
CAM0764,Facebook,2025-02-03,2025-02-04,2925,5208,466,1243.86,8426.9
CAM0765,Email,2025-02-04,2025-02-05,84976,3704,169,4344.17,8155.52
CAM0766,Facebook,2025-02-05,2025-02-06,27015,769,340,2708.44,3913.58
CAM0767,LinkedIn,2025-02-06,2025-02-07,34320,4464,785,2329.51,7886.74
CAM0768,LinkedIn,2025-02-07,2025-02-08,65881,7429,234,4564.36,2288.45
CAM0769,Google Ads,2025-02-08,2025-02-09,91827,1383,992,3217.33,6919.45
CAM0770,LinkedIn,2025-02-09,2025-02-10,27289,1023,738,3094.76,6774.12
CAM0771,Google Ads,2025-02-10,2025-02-11,4389,1225,513,3014.45,1230.13
CAM0772,Email,2025-02-11,2025-02-12,26683,1629,465,2170.26,8091.73
CAM0773,Facebook,2025-02-12,2025-02-13,14629,9886,54,4035.39,9129.23
CAM0774,Facebook,2025-02-13,2025-02-14,62550,8538,223,1637.59,3406.74
CAM0775,Google Ads,2025-02-14,2025-02-15,25826,3811,68,4725.03,8311.52
CAM0776,Facebook,2025-02-15,2025-02-16,27630,8104,653,4522.93,1741.65
CAM0777,LinkedIn,2025-02-16,2025-02-17,99762,9852,625,2018.66,6399.71
CAM0778,Instagram,2025-02-17,2025-02-18,47163,6374,204,3782.59,5370.82
CAM0779,Google Ads,2025-02-18,2025-02-19,99511,3964,934,3079.5,5913.31
CAM0780,Facebook,2025-02-19,2025-02-20,67435,7933,498,2019.42,9335.85
CAM0781,Google Ads,2025-02-20,2025-02-21,12653,6888,166,4948.35,8841.84
CAM0782,Google Ads,2025-02-21,2025-02-22,28961,326,619,613.57,8065.75
CAM0783,Instagram,2025-02-22,2025-02-23,82941,364,235,1636.91,3463.29
CAM0784,LinkedIn,2025-02-23,2025-02-24,75137,9687,421,2840.33,9206.37
CAM0785,Google Ads,2025-02-24,2025-02-25,34662,745,214,2848.79,1877.57
CAM0786,Facebook,2025-02-25,2025-02-26,99818,7644,88,3150.2,8679.96
CAM0787,Email,2025-02-26,2025-02-27,57446,5669,133,3882.54,3953.44
CAM0788,Google Ads,2025-02-27,2025-02-28,22288,3090,480,3305.65,1483.95
CAM0789,Google Ads,2025-02-28,2025-03-01,96081,2604,949,3201.27,7024.21
CAM0790,Instagram,2025-03-01,2025-03-02,37877,9446,227,740.82,3081.52
CAM0791,LinkedIn,2025-03-02,2025-03-03,16313,687,525,2194.39,3192.14
CAM0792,Email,2025-03-03,2025-03-04,81885,9277,611,1544.25,3754.42
CAM0793,Facebook,2025-03-04,2025-03-05,73715,4179,113,1694.17,1573.16
CAM0794,Email,2025-03-05,2025-03-06,11326,3448,402,2994.52,2594.14
CAM0795,Facebook,2025-03-06,2025-03-07,2560,6399,640,1397.77,1046.26
CAM0796,LinkedIn,2025-03-07,2025-03-08,80148,3931,654,1822.77,5008.69
CAM0797,Facebook,2025-03-08,2025-03-09,84186,9533,833,1566.88,1758.3
CAM0798,Instagram,2025-03-09,2025-03-10,27745,8481,617,4768.26,7143.87
CAM0799,Instagram,2025-03-10,2025-03-11,32890,9272,989,4751.0,3120.61
CAM0800,Instagram,2025-03-11,2025-03-12,21022,9990,443,3244.74,9492.17
CAM0801,Instagram,2025-03-12,2025-03-13,53579,1815,340,4660.35,8841.26
CAM0802,Email,2025-03-13,2025-03-14,71316,6550,152,4036.16,3604.97
CAM0803,LinkedIn,2025-03-14,2025-03-15,84847,5533,809,3154.77,8048.94
CAM0804,Facebook,2025-03-15,2025-03-16,29380,1198,549,528.96,8229.2
CAM0805,Facebook,2025-03-16,2025-03-17,3356,7196,287,3976.32,9879.07
CAM0806,Instagram,2025-03-17,2025-03-18,71326,2426,242,3661.2,6380.56
CAM0807,Instagram,2025-03-18,2025-03-19,93447,9187,538,3268.64,1737.69
CAM0808,Google Ads,2025-03-19,2025-03-20,90899,6516,580,3921.91,6821.54
CAM0809,LinkedIn,2025-03-20,2025-03-21,21049,7080,99,2808.15,6624.82
CAM0810,Email,2025-03-21,2025-03-22,76717,6863,501,3668.37,6745.16
CAM0811,Facebook,2025-03-22,2025-03-23,17082,1774,208,4708.27,3764.31
CAM0812,Google Ads,2025-03-23,2025-03-24,1661,8050,371,2191.12,8737.12
CAM0813,Google Ads,2025-03-24,2025-03-25,38412,9222,450,3686.55,9635.25
CAM0814,Facebook,2025-03-25,2025-03-26,3920,9015,35,2640.6,2959.41
CAM0815,Email,2025-03-26,2025-03-27,92194,6149,34,3534.8,1793.37
CAM0816,Google Ads,2025-03-27,2025-03-28,61315,1189,403,3933.02,2750.82
CAM0817,Google Ads,2025-03-28,2025-03-29,80561,4678,516,704.54,8384.97
CAM0818,LinkedIn,2025-03-29,2025-03-30,9946,9227,310,3409.7,7089.8
CAM0819,Email,2025-03-30,2025-03-31,95242,255,348,1520.34,6724.43
CAM0820,Google Ads,2025-03-31,2025-04-01,46500,9362,276,3515.15,4616.14
CAM0821,Email,2025-04-01,2025-04-02,17309,2058,470,2607.49,6200.45
CAM0822,Facebook,2025-04-02,2025-04-03,56230,6444,702,3980.99,3770.87
CAM0823,Instagram,2025-04-03,2025-04-04,99656,5879,465,1055.3,5294.8
CAM0824,Google Ads,2025-04-04,2025-04-05,31027,6244,369,3318.45,8137.57
CAM0825,LinkedIn,2025-04-05,2025-04-06,73541,5163,77,1753.12,9831.17
CAM0826,Facebook,2025-04-06,2025-04-07,60321,3930,872,4338.42,9392.4
CAM0827,Email,2025-04-07,2025-04-08,1956,9146,421,4677.73,9404.79
CAM0828,Facebook,2025-04-08,2025-04-09,75131,8931,980,4983.79,4620.01
CAM0829,Google Ads,2025-04-09,2025-04-10,48908,9894,500,4082.03,5219.11
CAM0830,Email,2025-04-10,2025-04-11,79339,6759,842,3891.8,7350.72
CAM0831,Instagram,2025-04-11,2025-04-12,26963,541,58,1469.75,9299.73
CAM0832,Facebook,2025-04-12,2025-04-13,40443,6140,696,2012.03,2277.95
CAM0833,Google Ads,2025-04-13,2025-04-14,40063,6025,573,2595.57,3738.18
CAM0834,LinkedIn,2025-04-14,2025-04-15,81818,7458,111,3980.21,2253.22
CAM0835,Email,2025-04-15,2025-04-16,5703,4728,225,4617.35,6508.08
CAM0836,Facebook,2025-04-16,2025-04-17,66128,6470,447,1351.13,3756.71
CAM0837,Facebook,2025-04-17,2025-04-18,73099,9628,709,4650.65,3934.97
CAM0838,Instagram,2025-04-18,2025-04-19,26849,1048,578,3630.31,1638.24
CAM0839,Instagram,2025-04-19,2025-04-20,32860,8279,568,3248.47,4148.16
CAM0840,LinkedIn,2025-04-20,2025-04-21,32585,6215,168,1399.29,8762.47
CAM0841,LinkedIn,2025-04-21,2025-04-22,23015,559,498,749.86,3097.66
CAM0842,Google Ads,2025-04-22,2025-04-23,78539,7668,695,3058.09,7256.69
CAM0843,Google Ads,2025-04-23,2025-04-24,44585,4746,251,3431.82,6666.66
CAM0844,LinkedIn,2025-04-24,2025-04-25,27958,492,803,1448.52,8771.36
CAM0845,LinkedIn,2025-04-25,2025-04-26,27017,1887,762,3004.05,2190.59
CAM0846,Email,2025-04-26,2025-04-27,77707,7474,891,4354.22,9798.31
CAM0847,Instagram,2025-04-27,2025-04-28,46350,1238,14,4257.8,6243.66
CAM0848,Google Ads,2025-04-28,2025-04-29,13201,4841,605,4673.1,9959.27
CAM0849,Instagram,2025-04-29,2025-04-30,30426,7518,829,2146.49,9203.63
CAM0850,Instagram,2025-04-30,2025-05-01,18778,6462,370,1931.22,2993.66
CAM0851,LinkedIn,2025-05-01,2025-05-02,46241,2554,468,3872.42,1505.46
CAM0852,Email,2025-05-02,2025-05-03,43229,9758,257,2440.01,3300.75
CAM0853,Facebook,2025-05-03,2025-05-04,87652,3774,575,893.97,5748.07
CAM0854,Email,2025-05-04,2025-05-05,49364,1477,682,1772.61,2544.37
CAM0855,Email,2025-05-05,2025-05-06,99833,6801,955,2383.62,2507.14
CAM0856,Instagram,2025-05-06,2025-05-07,85878,2697,431,1816.32,5163.34
CAM0857,Email,2025-05-07,2025-05-08,58056,241,932,1994.93,1299.41
CAM0858,Google Ads,2025-05-08,2025-05-09,28490,2759,747,1821.99,2096.99
CAM0859,Instagram,2025-05-09,2025-05-10,20975,4696,24,686.75,4742.75
CAM0860,Google Ads,2025-05-10,2025-05-11,27723,9131,745,3366.93,1568.17
CAM0861,Facebook,2025-05-11,2025-05-12,24279,5761,582,3187.82,4570.8
CAM0862,Instagram,2025-05-12,2025-05-13,79301,6242,131,3440.23,5266.06
CAM0863,Facebook,2025-05-13,2025-05-14,12561,5726,286,1365.39,5061.4
CAM0864,Instagram,2025-05-14,2025-05-15,67061,8887,567,1830.45,8822.57
CAM0865,LinkedIn,2025-05-15,2025-05-16,89397,8572,462,3288.27,5770.56
CAM0866,Email,2025-05-16,2025-05-17,50153,523,399,3198.32,5211.82
CAM0867,LinkedIn,2025-05-17,2025-05-18,34142,7099,303,2778.49,4696.38
CAM0868,Facebook,2025-05-18,2025-05-19,27916,4349,583,2076.86,8358.61
CAM0869,Email,2025-05-19,2025-05-20,65324,1850,607,4608.19,9055.51
CAM0870,Instagram,2025-05-20,2025-05-21,45965,4857,455,2028.97,8679.18
CAM0871,Email,2025-05-21,2025-05-22,5648,2067,219,2550.29,7061.92
CAM0872,Google Ads,2025-05-22,2025-05-23,36133,4188,599,3551.51,2236.26
CAM0873,Email,2025-05-23,2025-05-24,51677,4278,723,2943.6,3491.83
CAM0874,Google Ads,2025-05-24,2025-05-25,97059,7889,311,2060.99,1414.57
CAM0875,Email,2025-05-25,2025-05-26,95588,3046,918,2460.4,9377.42
CAM0876,Google Ads,2025-05-26,2025-05-27,99317,9741,232,4075.16,6947.19
CAM0877,Facebook,2025-05-27,2025-05-28,71135,5494,743,1751.58,7717.27
CAM0878,LinkedIn,2025-05-28,2025-05-29,36046,7980,12,1140.15,3804.15
CAM0879,Instagram,2025-05-29,2025-05-30,48064,5175,999,1909.23,8610.88
CAM0880,Email,2025-05-30,2025-05-31,70350,7330,527,4322.9,3336.43
CAM0881,LinkedIn,2025-05-31,2025-06-01,46893,1631,102,900.45,1014.79
CAM0882,Instagram,2025-06-01,2025-06-02,62272,3090,529,4962.63,4387.73
CAM0883,Instagram,2025-06-02,2025-06-03,93152,7255,437,2934.51,6136.85
CAM0884,Google Ads,2025-06-03,2025-06-04,68649,4593,502,4931.81,5308.34
CAM0885,Facebook,2025-06-04,2025-06-05,65674,9435,244,4725.48,8758.69
CAM0886,Facebook,2025-06-05,2025-06-06,14760,1033,629,2537.66,1948.65
CAM0887,LinkedIn,2025-06-06,2025-06-07,22927,1560,170,1393.21,5984.41
CAM0888,Facebook,2025-06-07,2025-06-08,87475,2823,730,1241.98,5616.81
CAM0889,Email,2025-06-08,2025-06-09,62367,385,761,1579.95,3532.54
CAM0890,Facebook,2025-06-09,2025-06-10,98955,364,340,3695.6,8400.05
CAM0891,LinkedIn,2025-06-10,2025-06-11,13588,6916,342,1728.27,7775.64
CAM0892,Facebook,2025-06-11,2025-06-12,53233,1862,59,2036.41,7595.73
CAM0893,Email,2025-06-12,2025-06-13,45738,140,532,2519.5,8885.73
CAM0894,Google Ads,2025-06-13,2025-06-14,34397,5927,872,4609.55,7505.06
CAM0895,LinkedIn,2025-06-14,2025-06-15,83189,8359,677,1352.27,3086.57
CAM0896,Google Ads,2025-06-15,2025-06-16,77367,1087,501,522.62,7350.06
CAM0897,Google Ads,2025-06-16,2025-06-17,72260,7904,591,770.43,3769.33
CAM0898,Google Ads,2025-06-17,2025-06-18,77619,7889,690,4571.45,3179.57
CAM0899,Instagram,2025-06-18,2025-06-19,20816,5817,281,3413.82,1657.03
CAM0900,Instagram,2025-06-19,2025-06-20,43240,3298,589,1728.68,7696.26
CAM0901,Google Ads,2025-06-20,2025-06-21,7276,5474,876,1297.37,7399.01
CAM0902,LinkedIn,2025-06-21,2025-06-22,80530,4890,261,1824.2,3110.5
CAM0903,Email,2025-06-22,2025-06-23,24499,7283,569,1016.59,7744.41
CAM0904,Email,2025-06-23,2025-06-24,89576,2624,705,4736.9,9260.57
CAM0905,Facebook,2025-06-24,2025-06-25,83495,9377,841,4028.93,1972.26
CAM0906,LinkedIn,2025-06-25,2025-06-26,72635,2579,708,2580.76,3093.73
CAM0907,Instagram,2025-06-26,2025-06-27,86112,9985,99,4392.33,7752.35
CAM0908,Google Ads,2025-06-27,2025-06-28,36946,5254,455,1622.56,3470.56
CAM0909,Facebook,2025-06-28,2025-06-29,56204,878,341,3727.04,6621.98
CAM0910,Email,2025-06-29,2025-06-30,52886,9877,148,4352.6,1730.48
CAM0911,Instagram,2025-06-30,2025-07-01,72652,1592,366,2105.46,5069.82
CAM0912,Instagram,2025-07-01,2025-07-02,16563,760,610,3908.59,7651.82
CAM0913,Google Ads,2025-07-02,2025-07-03,93324,1448,283,1827.83,7178.63
CAM0914,Email,2025-07-03,2025-07-04,93464,9591,28,1844.86,8335.65
CAM0915,LinkedIn,2025-07-04,2025-07-05,10847,7951,992,981.76,8897.07
CAM0916,Instagram,2025-07-05,2025-07-06,27155,7256,320,2480.26,7958.65
CAM0917,Google Ads,2025-07-06,2025-07-07,80671,2144,879,3783.7,7044.29
CAM0918,LinkedIn,2025-07-07,2025-07-08,84310,7468,895,4730.99,1285.5
CAM0919,Email,2025-07-08,2025-07-09,68278,3616,987,3217.09,5814.7
CAM0920,Instagram,2025-07-09,2025-07-10,19309,9350,163,4384.11,1339.28
CAM0921,LinkedIn,2025-07-10,2025-07-11,1619,9268,399,4201.23,8272.61
CAM0922,LinkedIn,2025-07-11,2025-07-12,84194,4677,269,1280.04,3886.52
CAM0923,LinkedIn,2025-07-12,2025-07-13,51108,827,629,2686.18,6061.86
CAM0924,Instagram,2025-07-13,2025-07-14,35707,7568,892,1026.16,3515.01
CAM0925,Instagram,2025-07-14,2025-07-15,21337,442,806,3569.69,8042.5
CAM0926,Facebook,2025-07-15,2025-07-16,82537,1547,580,4774.55,8978.52
CAM0927,Email,2025-07-16,2025-07-17,67504,6681,134,1116.9,4587.78
CAM0928,Google Ads,2025-07-17,2025-07-18,48614,6417,363,3802.47,8766.3
CAM0929,LinkedIn,2025-07-18,2025-07-19,92428,626,282,3345.07,3403.68
CAM0930,Facebook,2025-07-19,2025-07-20,92155,6848,628,3126.22,5811.95
CAM0931,Google Ads,2025-07-20,2025-07-21,1281,505,820,2255.54,8728.85
CAM0932,Facebook,2025-07-21,2025-07-22,28420,8086,254,2098.09,3932.93
CAM0933,Instagram,2025-07-22,2025-07-23,81896,9865,857,703.62,9586.38
CAM0934,LinkedIn,2025-07-23,2025-07-24,40030,3840,459,1480.59,2096.92
CAM0935,Google Ads,2025-07-24,2025-07-25,2058,1946,939,568.3,1164.48
CAM0936,Google Ads,2025-07-25,2025-07-26,87213,1578,256,3116.38,9137.22
CAM0937,Google Ads,2025-07-26,2025-07-27,77260,871,529,976.34,1617.84
CAM0938,Google Ads,2025-07-27,2025-07-28,29404,5625,150,4428.59,9927.0
CAM0939,Google Ads,2025-07-28,2025-07-29,30856,8870,371,2854.14,9562.57
CAM0940,Facebook,2025-07-29,2025-07-30,10200,293,17,3648.6,2233.19
CAM0941,LinkedIn,2025-07-30,2025-07-31,65178,2107,487,2348.86,5838.26
CAM0942,Instagram,2025-07-31,2025-08-01,34997,1285,361,3022.61,2664.28
CAM0943,Instagram,2025-08-01,2025-08-02,26611,2494,504,4741.97,4853.4
CAM0944,Instagram,2025-08-02,2025-08-03,42235,9402,615,872.3,1552.83
CAM0945,Instagram,2025-08-03,2025-08-04,36057,4105,842,1642.72,3015.32
CAM0946,Facebook,2025-08-04,2025-08-05,2239,7529,436,4009.95,4269.46
CAM0947,Email,2025-08-05,2025-08-06,66661,2361,48,944.32,4947.83
CAM0948,LinkedIn,2025-08-06,2025-08-07,46272,3836,602,840.47,9797.47
CAM0949,Google Ads,2025-08-07,2025-08-08,90393,6816,196,2126.94,8270.79
CAM0950,Email,2025-08-08,2025-08-09,62212,4975,605,914.76,7636.69
CAM0951,Instagram,2025-08-09,2025-08-10,16398,9021,609,3132.85,5833.37
CAM0952,Email,2025-08-10,2025-08-11,57503,4478,763,1518.24,8559.98
CAM0953,LinkedIn,2025-08-11,2025-08-12,7638,7915,863,4530.64,4053.91
CAM0954,Google Ads,2025-08-12,2025-08-13,7570,3551,102,4025.75,7380.09
CAM0955,Google Ads,2025-08-13,2025-08-14,69785,7716,95,3648.67,9944.06
CAM0956,LinkedIn,2025-08-14,2025-08-15,10110,9936,53,3276.25,3831.66
CAM0957,LinkedIn,2025-08-15,2025-08-16,80141,2900,146,4385.6,7066.16
CAM0958,Instagram,2025-08-16,2025-08-17,13115,8433,430,1503.78,8598.83
CAM0959,Google Ads,2025-08-17,2025-08-18,40062,5510,83,4428.99,9242.27
CAM0960,Email,2025-08-18,2025-08-19,23911,1555,557,4052.72,7461.39
CAM0961,Facebook,2025-08-19,2025-08-20,33556,6992,622,3866.72,3552.47
CAM0962,Facebook,2025-08-20,2025-08-21,79131,5908,997,3025.65,3936.54
CAM0963,LinkedIn,2025-08-21,2025-08-22,2969,6896,521,1608.1,1186.82
CAM0964,Instagram,2025-08-22,2025-08-23,44753,4896,165,2405.97,7847.97
CAM0965,Facebook,2025-08-23,2025-08-24,83811,5193,947,4071.07,1384.66
CAM0966,Google Ads,2025-08-24,2025-08-25,5470,1425,264,643.0,8781.87
CAM0967,LinkedIn,2025-08-25,2025-08-26,11225,5076,180,4019.23,2067.95
CAM0968,Email,2025-08-26,2025-08-27,24196,9505,990,1580.32,2546.89
CAM0969,LinkedIn,2025-08-27,2025-08-28,14669,1259,737,1149.39,5288.74
CAM0970,Email,2025-08-28,2025-08-29,38380,4750,179,1020.66,7640.92
CAM0971,LinkedIn,2025-08-29,2025-08-30,49320,5087,773,622.63,2251.02
CAM0972,LinkedIn,2025-08-30,2025-08-31,48414,4797,881,2856.14,4960.64
CAM0973,LinkedIn,2025-08-31,2025-09-01,16577,440,331,1482.17,5345.66
CAM0974,Email,2025-09-01,2025-09-02,89009,3928,576,4952.44,2910.57
CAM0975,Email,2025-09-02,2025-09-03,56409,2068,465,3084.97,2040.03
CAM0976,LinkedIn,2025-09-03,2025-09-04,29625,803,953,1120.48,8527.79
CAM0977,Facebook,2025-09-04,2025-09-05,82040,5582,612,3599.43,5522.19
CAM0978,Instagram,2025-09-05,2025-09-06,25089,6476,799,4539.85,1129.43
CAM0979,Instagram,2025-09-06,2025-09-07,37487,1900,622,3853.31,8226.83
CAM0980,Instagram,2025-09-07,2025-09-08,66838,5563,164,843.98,9827.14
CAM0981,Email,2025-09-08,2025-09-09,97999,5012,898,4531.48,6453.34
CAM0982,Email,2025-09-09,2025-09-10,95795,4748,358,4072.68,5533.38
CAM0983,Facebook,2025-09-10,2025-09-11,51138,955,460,1212.37,8905.74
CAM0984,Instagram,2025-09-11,2025-09-12,43823,2966,885,733.04,9572.65
CAM0985,Instagram,2025-09-12,2025-09-13,38208,282,662,3007.9,7790.83
CAM0986,LinkedIn,2025-09-13,2025-09-14,55061,3212,182,1202.16,5009.08
CAM0987,Email,2025-09-14,2025-09-15,31659,5770,19,4255.66,6329.99
CAM0988,Instagram,2025-09-15,2025-09-16,32890,4592,749,2112.51,7308.42
CAM0989,Facebook,2025-09-16,2025-09-17,80134,5923,274,4608.02,2748.46
CAM0990,Facebook,2025-09-17,2025-09-18,48055,1617,447,3045.6,5024.81
CAM0991,Instagram,2025-09-18,2025-09-19,20508,5102,769,1322.03,8468.39
CAM0992,Email,2025-09-19,2025-09-20,43287,1456,256,1128.19,6892.53
CAM0993,Facebook,2025-09-20,2025-09-21,79916,3729,676,3094.13,4700.84
CAM0994,LinkedIn,2025-09-21,2025-09-22,27984,3728,555,3928.48,6970.26
CAM0995,Facebook,2025-09-22,2025-09-23,9125,8310,508,4016.78,2064.0
CAM0996,Google Ads,2025-09-23,2025-09-24,37059,6232,138,1740.91,4613.48
CAM0997,Google Ads,2025-09-24,2025-09-25,70569,9424,681,1419.11,8138.16
CAM0998,Email,2025-09-25,2025-09-26,18087,6688,610,575.4,2984.58
CAM0999,Instagram,2025-09-26,2025-09-27,6704,3411,614,3556.4,2673.65
